"「020」番号帯利用について教えてください。",ContractBilling
"「070」で始まる電話番号は、何の電話番号ですか?",ContractBilling
"「ご契約内容確認のお願い」について教えてください。",ContractBilling
"「よくあるごQuestion(FAQ)」の使い方を教えてください。",ContractBilling
"「解約後のお知らせ」について教えてください。",ContractBilling
"CGMコンテンツ提供会社の指定する年齢に達していて、年齢認証をしたのに、コンテンツに制限がかかった場合はどうしたらいいですか?",ContractBilling
"MNP予約番号に、有効期限はありますか?",ContractBilling
"MNP予約番号は確認できますか?",ContractBilling
"MNP予約番号発行後に名義変更はできますか?",ContractBilling
"SIMカードの形状は、変更できますか?",ContractBilling
"SIMカードを、再発行・バージョン変更する場合の注意事項を教えてください。",ContractBilling
"SIMカードを紛失した場合、再発行はできますか?",ContractBilling
"SIMカード対応機種の、SIM情報設定方法について教えてください。",ContractBilling
"SIMロック解除ができる。",ContractBilling
"SIMロック解除について教えてください。",ContractBilling
"SIMロック解除の手続きは、どこでできますか?",ContractBilling
"SIMロック解除をした場合、携帯電話に保存されていたデータはどうなりますか?",ContractBilling
"SIMロック解除手数料について教えてください。",ContractBilling
"SIMロック解除機能を搭載しているの端末は、購入時にSIMロック解除はされていますか?",ContractBilling
"オンライン予約について教えてください。",ContractBilling
"ご利用者情報の登録について教えてください。",ContractBilling
"Serviceコーナーについて教えてください。",ContractBilling
"ショップの電話番号や住所などの、確認方法を教えてください。",ContractBilling
"ネットオークションや中古販売店で購入した携帯電話は、利用制限の対象でないことが確認できれば、ネットワーク利用制限がかかることはありませんか?",ContractBilling
"の回線契約がなくても、SIMロック解除できますか?",ContractBilling
"一括請求や一括送付Serviceを利用している場合、携帯電話・PHS番号ポータビリティ(MNP)の予約はできますか?",ContractBilling
"一括請求を組んだまま、解約携帯電話・PHS番号ポータビリティ(MNP)による解約はできますか?",ContractBilling
"一括請求を組んでいます。支払いを個別にする手続きは、どこでできますか?",ContractBilling
"不要になった携帯電話や付属品を回収していますか?",ContractBilling
"他社のSIMフリー端末でのServiceを利用したい場合、SIMカード(カード)を発行できますか?",ContractBilling
"以前利用していた携帯電話と同じ電話番号を、また利用することはできますか?",ContractBilling
"住所変更する場合、運転免許証や住民票の住所が旧住所でも手続きはできますか?",ContractBilling
"住所変更の手続きは、どこでできますか?",ContractBilling
"住所変更をした場合、口座振替の手続きは必要ですか?",ContractBilling
"個人名義で新規契約する場合、何が必要ですか?",ContractBilling
"分割払い(個別信用購入あっせん契約割賦販売契約)で携帯電話を購入する場合、ポイントポイント(期間・用途限定)ポイントは利用できますか?",ContractBilling
"分割払い(個別信用購入あっせん契約割賦販売契約)を利用中でも、機種変更はできますか?",ContractBilling
"利用中断中に、住所変更はできますか?",ContractBilling
"利用中断中に、名義変更の手続きはできますか?",ContractBilling
"利用者情報に登録した内容は、変更できますか?",ContractBilling
"区画整理市区町村の合併で住所が変更になった場合、に登録している住所や料金明細送付Serviceの送付先住所は、自動的に新しい住所に変更されますか?",ContractBilling
"友達から譲り受けた(もらった)の携帯電話で、新規契約機種変更契約変更はできますか?",ContractBilling
"取扱説明書は、どこで閲覧できますか?",ContractBilling
"名義変更した場合、アカウントのIDパスワードはどうなりますか?",ContractBilling
"名義変更した場合、メールアドレスはどうなりますか?",ContractBilling
"名義変更と同時に機種変更契約変更する場合、手数料はいくらですか?",ContractBilling
"名義変更について教えてください。",ContractBilling
"名義変更や承継の手続きをした場合、継続利用期間は引き継がれますか?",ContractBilling
"名義変更をした場合、ユーザIDパスワードやメールアドレスは引き継がれますか?",ContractBilling
"名義変更をした場合、口座振替クレジットカード払いはそのまま引き継がれますか?",ContractBilling
"名義変更をした場合、家族割引は継続できますか?",ContractBilling
"名義変更をした場合、登録していたマイメニューは引き継がれますか?",ContractBilling
"名義変更をした月の利用分は、譲り渡す人譲り受ける人のどちらに請求されますか?",ContractBilling
"名義変更をする場合、譲り渡す人譲り受ける人のどちらかのみの来店でも手続きできますか?",ContractBilling
"外国籍の方が新規契約する場合、何が必要ですか?",ContractBilling
"契約変更する場合に、引き継がれるServiceを教えてください。",ContractBilling
"契約者が死亡した場合、代理人が解約できますか?",ContractBilling
"委任状の書き方を教えてください。",ContractBilling
"委任状や同意書は、どこでもらえますか?",ContractBilling
"子どもの携帯電話を、親が解約することはできますか?",ContractBilling
"定期契約期間内に解約や廃止をすると、解約金がかかる料金プラン割引Serviceを教えてください。",ContractBilling
"家族割引を申込みしている場合、携帯電話・PHS番号ポータビリティ(MNP)の予約はできますか?",ContractBilling
"年齢判定Serviceについて教えてください。",ContractBilling
"年齢判定情報の通知可否を、コンテンツ提供会社ごとに設定する方法を教えてください。",ContractBilling
"承継について教えてください。",ContractBilling
"承継の手続きには何が必要ですか?",ContractBilling
"携帯電話・PHS番号ポータビリティ(MNP)で事業者間を移動する場合、メールアドレスはそのまま利用できますか?",ContractBilling
"携帯電話・PHS番号ポータビリティ(MNP)で事業者間を移動する場合、端末はそのまま利用できますか?",ContractBilling
"携帯電話・PHS番号ポータビリティ(MNP)について教えてください。",ContractBilling
"携帯電話・PHS番号ポータビリティ(MNP)による新規契約を検討中です。お得なServiceはありますか?",ContractBilling
"携帯電話・PHS番号ポータビリティ(MNP)の予約は、キャンセルできますか?",ContractBilling
"携帯電話・PHS番号ポータビリティ(MNP)の手数料はいくらですか?",ContractBilling
"携帯電話・PHS番号ポータビリティ(MNP)の手続きの手順を教えてください。",ContractBilling
"携帯電話・PHS番号ポータビリティ(MNP)を利用して、他社の携帯電話番号⇔2in1のBナンバーに変更できますか?",ContractBilling
"携帯電話・PHS番号ポータビリティ(MNP)を利用してを新規契約する場合、どこでできますか?",ContractBilling
"携帯電話・PHS番号ポータビリティ(MNP)を利用して他社へ変更した場合、で利用していた割引ServiceやオプションServiceはどうなりますか?",ContractBilling
"携帯電話の価格はいくらですか?",ContractBilling
"携帯電話の解約携帯電話・PHS番号ポータビリティ(MNP)による解約をした場合、の分割払い(個別信用購入あっせん契約割賦販売契約)の分割支払金分割払金はどうなりますか?",ContractBilling
"携帯電話の解約は、どこでできますか?",ContractBilling
"携帯電話は、同一名義で何回線まで新規契約できますか?",ContractBilling
"携帯電話を休止する手続きについて教えてください。",ContractBilling
"携帯電話を拾った場合、どうしたらいいですか?",ContractBilling
"携帯電話を解約した場合、ポイントポイント(期間・用途限定)ポイントは引き続き利用できますか?",ContractBilling
"携帯電話を解約すると、端末内にある電話帳データや送信受信メールは消えてしまいますか?",ContractBilling
"改称について教えてください。",ContractBilling
"改称の手続きは、どこでできますか?",ContractBilling
"新規契約と同時に一括請求に加わる場合、代表回線と同じ口座振替クレジットカード払いの手続きをする必要がありますか?",ContractBilling
"新規契約の手数料はいくらですか?",ContractBilling
"新規契約は、代理人でも手続きできますか?",ContractBilling
"旧料金プランからバリュープランベーシックプランへ変更した場合、いちねん割引はどうなりますか?",ContractBilling
"未成年者が新規契約する際に、親権者(法定代理人)が同意書に記入する内容を教えてください。",ContractBilling
"未成年者名義で、親権者の同意が必要な手続きをします。親権者の本人確認書類は何が必要ですか?",ContractBilling
"未成年者名義で新規契約の手続きをする場合、何が必要ですか?",ContractBilling
"未成年者名義の機種変更契約変更は、親権者の確認書類や同意書が必要ですか?",ContractBilling
"本人確認書類として利用する「公共料金領収証」について教えてください。",ContractBilling
"機種変更契約変更した場合、携帯電話の端末暗証番号は引き継がれますか?",ContractBilling
"機種変更契約変更の手続きについて教えてください。",ContractBilling
"機種変更する場合、現在利用中の総合プランパケット定額Serviceは継続できますか?",ContractBilling
"機種変更する場合、登録しているマイメニューはどうなりますか?",ContractBilling
"機種変更や契約変更をする場合、解約金はかかりますか?",ContractBilling
"機種変更や解約をする場合、今まで使用していた携帯電話はどうなりますか?",ContractBilling
"死亡した家族が契約していた携帯電話を、自分がそのまま利用することはできますか?",ContractBilling
"法人名義で新規契約する場合、何が必要ですか?",ContractBilling
"海外赴任などで長期間携帯電話を休止して、帰国後に以前と同じ携帯電話番号を利用することはできますか?",ContractBilling
"番号えらべるServiceについて教えてください。",ContractBilling
"登録された利用者情報は、どこにどのような情報が提供されますか?",ContractBilling
"端末(機種)利用期間の確認方法を教えてください。",ContractBilling
"紛失したの携帯電話が拾得物として警察に届けられた場合、から連絡はありますか?",ContractBilling
"結婚して名字と住所が変わりました。どうしたらいいですか?",ContractBilling
"継続利用期間について教えてください。",ContractBilling
"自分の契約内容を確認することはできますか?",ContractBilling
"親権者の同意が必要な手続きをする場合、既婚の未成年者でも親権者の同意は必要ですか?",ContractBilling
"親権者の同意書は、捺印が必要ですか?",ContractBilling
"解約したの携帯電話に電話をかけた場合、どのようなガイダンスが流れますか?",ContractBilling
"解約する場合、解約月の利用料金はその場で精算になりますか?",ContractBilling
"解約後、利用していた携帯電話を持ち帰ることはできますか?",ContractBilling
"解約後に請求される、利用料金の支払い方法を教えてください。",ContractBilling
"請求書等の送付先住所を変更した場合、いつから新しい住所へ送付されますか?",ContractBilling
"連絡先番号案内Serviceを利用する場合、料金はかかりますか?",ContractBilling
"運転免許証など本人確認書類に記載されている住所が旧住所の場合でも、新規契約の本人確認書類として利用できますか?",ContractBilling
"電子交付された申込書のお客様控え(電子帳票)は、どこで確認できますか?",ContractBilling
"電話機購入時確認サイトについて教えてください。",ContractBilling
"電話番号保管メールアドレス保管で、電話番号メールアドレスを保管できる期間を教えてください。",ContractBilling
"電話番号保管メールアドレス保管について教えてください。",ContractBilling
"電話番号保管メールアドレス保管中です。メールアドレス保管のみを解除できますか?",ContractBilling
"電話番号保管と、解約の違いを教えてください。",ContractBilling
"電話番号保管の申込み解除は、どこでできますか?",ContractBilling
"電話番号保管の申込み解除は、海外から手続きできますか?",ContractBilling
"電話番号保管を申込みした場合、ベーシックコース解除料や、の分割払い(個別信用購入あっせん契約割賦販売契約)の分割支払金分割払金の残額はどうなりますか?",ContractBilling
"電話番号保管を申込みした場合、割引Serviceや利用していたServiceはどうなりますか?",ContractBilling
"電話番号保管を申込みした場合、定期契約型の料金プラン割引Serviceの、解約金はかかりますか?",ContractBilling
"電話番号保管を申込みした場合、月々サポートはどうなりますか?",ContractBilling
"電話番号保管中に、利用できるServiceを教えてください。",ContractBilling
"電話番号保管中に、毎月の利用料金の支払い方法は変更できますか?",ContractBilling
"利用料金はいくらですか。",ContractBilling
"「ご利用料金の確認」では、どのような内容を確認できますか?",ContractBilling
"「ご利用料金の確認」で確認した料金と、実際の請求金額が違うのはどうしてですか?",ContractBilling
"「ご利用料金の確認」と「料金明細Service」では、それぞれどのような内容が確認できますか?",ContractBilling
"「ご利用料金の確認」について教えてください。",ContractBilling
"「データ通信量のお知らせ」という内容のメールが届きました。これは何ですか?",ContractBilling
"「口座振替のご案内」「ご利用料金のご案内」の郵送希望申込みをしたい場合、どうしたらいいですか?",ContractBilling
"My Siteの「ご利用料金の確認」ご利用額お知らせメールで、支払い期限(口座振替日・引き落とし日)は確認できますか?",ContractBilling
"My Siteの「ご利用料金の確認」で、利用内訳や料金明細内訳の印刷はできますか?",ContractBilling
"My Siteの「ご利用料金の確認」や請求内訳のパケット通信料の項目に、「計1億パケット以上でした。」と表示されていた場合、詳細は確認できますか?",ContractBilling
"My Siteの「ご利用料金の確認」や請求書等に表示されている、請求内訳名と内容について教えてください。",ContractBilling
"My Siteの「料金のお支払い・お支払い状況照会」から、の利用料金を支払うことはできますか?",ContractBilling
"Pay-easy(ペイジー)で利用する5桁の「確認番号」は、どこで確認できますか?",ContractBilling
"Pay-easyを利用する場合、申込みは必要ですか?",ContractBilling
"Web料金明細Service料金明細送付Serviceの廃止は、どこでできますか?",ContractBilling
"Web料金明細Serviceと、ビリングServiceの料金明細内訳の違いを教えてください。",ContractBilling
"Web料金明細Serviceについて教えてください。",ContractBilling
"Web料金明細Serviceは、ファミリー割引グループ内の他回線の料金明細内訳を閲覧できますか?",ContractBilling
"WORLD CALL・WORLD WINGの料金明細内訳書の見方を教えてください。",ContractBilling
"ご利用額お知らせメールについて教えてください。",ContractBilling
"ご利用額お知らせメールに記載されたURLにアクセスできないのは、どうしてですか?",ContractBilling
"ご利用額お知らせメールを、登録変更廃止確認する操作方法を教えてください。",ContractBilling
"ご利用額お知らせメールを登録しましたが仮登録確認メールが届きません。どうしたらいいですか?",ContractBilling
"Serviceの申込み廃止は、どこでできますか?",ContractBilling
"データモードアクセス履歴検索Serviceの、ワンタイムパスワード(認証キー)の取得方法を教えてください。",ContractBilling
"データモードの廃止と同時にデータモードを申込みしてメールアドレスを引き継ぎました。ご利用額お知らせメールの設定も引き継がれますか?",ContractBilling
"データ通信・パケット通信の料金明細内訳書の見方を教えてください。",ContractBilling
"データ通信専用プランパケット定額Serviceの対象となるデータ量は、料金明細内訳にどのように表示されますか?",ContractBilling
"データ量到達通知Serviceについて教えてください。",ContractBilling
"データ量到達通知Serviceの申込み廃止は、どこでできますか?",ContractBilling
"ナビダイヤル(0570)テレドーム(0180)を利用した際にかかる、他社接続Service通信料について教えてください。",ContractBilling
"の利用代金の領収証は、再発行できますか?",ContractBilling
"の利用料金の支払い方法をクレジットカード払いにした場合、請求内訳は送付されますか?",ContractBilling
"の利用料金の支払い方法をクレジットカード払いにしています。クレジットカードを紛失して利用を停止した場合、どうなりますか?",ContractBilling
"の利用料金の支払い方法を口座振替にしているのに、請求書が送られてきたのはどうしてですか?",ContractBilling
"の利用料金の支払い方法を請求書払いにしています。今月だけクレジットカードで支払うことはできますか?",ContractBilling
"の利用料金の請求書や、「口座振替のご案内」「ご利用料金のご案内」の郵送を希望している場合、発行手数料はいくらですか?",ContractBilling
"の利用料金は、支払い期限を過ぎた請求書でも支払えますか?",ContractBilling
"パケットパックの対象となるデータ量は、料金明細内訳にどのように表示されますか?",ContractBilling
"パケット定額Serviceの対象となるデータ量は、料金明細内訳にどのように表示されますか?",ContractBilling
"ファミリー割引の副回線は、ビリングServiceを申込みできますか?",ContractBilling
"ユニバーサルService制度について教えてください。",ContractBilling
"ユニバーサルService料について教えてください。",ContractBilling
"一定額到達通知Serviceについて教えてください。",ContractBilling
"一定額到達通知Serviceの申込み廃止は、どこでできますか?",ContractBilling
"一括請求で料金明細送付Serviceを利用しています。料金明細内訳書の送付先を請求書等と別々にできますか?",ContractBilling
"一括請求について教えてください。",ContractBilling
"一括請求の代表回線の変更は、どこでできますか?",ContractBilling
"一括請求の手続きは、どこでできますか?",ContractBilling
"一括請求を組んでいます。代表回線子回線がMy Siteの「ご利用料金の確認」で確認できる内容を教えてください。",ContractBilling
"一括請求を組んでいる代表回線子回線の料金明細Serviceは、My Site(パソコン版)で確認できますか?",ContractBilling
"今月利用したデータ通信量パケット通信量は、確認できますか?",ContractBilling
"今月利用した無料通信分は、確認できますか?",ContractBilling
"伝言メモに録音されたメッセージを再生する場合、通話料はかかりますか?",ContractBilling
"利用料金の支払いが遅れた場合、延滞利息はかかりますか?",ContractBilling
"利用料金の支払い方法が口座振替の場合、振替日(引き落とし日)はいつですか?",ContractBilling
"利用料金は、どこで支払いできますか?",ContractBilling
"利用料金は、請求書が手元にない場合や紛失した場合でも、支払いできますか?",ContractBilling
"口座振替の手続き(申込み引き落とし口座の変更)は、どこでできますか?",ContractBilling
"口座振替の手続きに必要な書類は、どこでもらえますか?",ContractBilling
"名義変更承継の手続きをした場合、My Siteの「ご利用料金の確認」の案内はどうなりますか?",ContractBilling
"名義変更や承継の手続きをした場合、Web料金明細Service料金明細送付Serviceは引き継がれますか?",ContractBilling
"家族名義など他回線の請求内訳や料金明細内訳は、My Siteで確認できますか?",ContractBilling
"情報料の料金明細内訳書の見方を教えてください。",ContractBilling
"携帯電話の利用料金の支払いに、テレホンカードや金券は利用できますか?",ContractBilling
"携帯電話の利用料金の締め日と、支払い期限(口座振替日・引き落とし日)はいつですか?",ContractBilling
"携帯電話の購入代金を、クレジットカードで支払うことはできますか?",ContractBilling
"支払証明書の証明金額の合計が5万円を超えているのに、収入印紙が貼られていないのはどうしてですか?",ContractBilling
"支払証明書やご利用料金証明書の発行手続きは、どこでできますか?",ContractBilling
"料金明細Serviceについて教えてください。",ContractBilling
"料金明細Serviceの申込みは、どこでできますか?",ContractBilling
"料金明細内訳は、データモードから確認できますか?",ContractBilling
"料金明細発行Serviceについて教えてください。",ContractBilling
"料金明細送付Serviceについて教えてください。",ContractBilling
"月途中にプラン変更しました。変更月の通話料は「ご利用料金の確認」でどのように案内されますか?",ContractBilling
"未納料金を確認する方法を教えてください。",ContractBilling
"残高不足などにより口座振替不能になったの利用料金は、再振替されますか?",ContractBilling
"毎月の利用料金の請求(請求書口座振替のご案内ご利用料金のご案内)は、いつ頃届きますか?",ContractBilling
"毎月の利用料金は、コンビニエンスストアからクレジットカードで支払うことはできますか?",ContractBilling
"毎月の利用料金を、クレジットカード払いにできますか?",ContractBilling
"毎月の利用料金をクレジットカード払いにしています。クレジットカードの変更は、どこでできますか?",ContractBilling
"毎月の利用料金をクレジットカード払いにしているのに、請求書が届くのはどうしてですか?",ContractBilling
"毎月の利用料金を支払っているクレジットカードの有効期限が更新された場合、で手続きは必要ですか?",ContractBilling
"毎月の携帯電話料金の支払いに利用している口座情報クレジットカード情報は、確認できますか?",ContractBilling
"毎月の支払い方法の変更は、どこでできますか?",ContractBilling
"用途別集計Serviceについて教えてください。",ContractBilling
"確定申告などに必要となる、書類(支払証明書ご利用料金証明書)について教えてください。",ContractBilling
"解約した携帯電話の料金明細内訳は、確認できますか?",ContractBilling
"解約後も、My Siteの「ご利用料金の確認」は閲覧できますか?",ContractBilling
"解約後も、ご利用額お知らせメールは届きますか?",ContractBilling
"請求書等が届かないのはどうしてですか?",ContractBilling
"請求書等の見方を教えてください。",ContractBilling
"請求金額や利用内訳は、どこで確認できますか?",ContractBilling
"迷惑メール対策の「指定受信拒否設定」をしている場合、ご利用額お知らせメールは受信できますか?",ContractBilling
"通話・通信の料金明細内訳書の見方を教えてください。",ContractBilling
"通話履歴(いつ、どこへ、どれだけ電話をかけたか)の記録は、確認できますか?",ContractBilling
"金融機関の口座名義を改称した場合、の利用料金を支払っている口座名義の変更手続きも必要ですか?",ContractBilling
"高額なパケット通信料の請求がきました。どうしたらいいですか?",ContractBilling
"高額利用案内(請求内容のご確認)について教えてください。",ContractBilling
"契約変更、請求先変更、料金プラン変更も本サイトから手続き可能ですか。",ContractBilling
"契約条件を教えてください。",ContractBilling
"契約内容について",ContractBilling
"支払いについて",ContractBilling
"支払い方法について",ContractBilling
"誤請求",ContractBilling
"請求明細について",ContractBilling
"請求明細の間違い",ContractBilling
"請求書に誤記？",ContractBilling
"請求書の再発行について",ContractBilling
"請求書の振込先について",ContractBilling
"請求書の確認",ContractBilling
"請求期限切れの支払いについて",ContractBilling
"請求金額について",ContractBilling
"配送中のProduct破損",ContractBilling
"領収書の記載について",ContractBilling
"月額料金はいくらですか？",ContractBilling
"ADSL、バリュープランの違いを教えてください。",ContractBilling
"どのようなServiceですか？",ContractBilling
"光コースを解約した場合、解除料（違約金）はかかりますか？",ContractBilling
"毎月の支払額はいくらになりますか？（2017年2月28日以前にお申し込みのお客さま）",ContractBilling
"「光 with フレッツ」と「光 フレッツコース」の違いは何ですか？",ContractBilling
"どのようなServiceですか？",ContractBilling
"途中でバリューパックを解除するとタブレットはどうなりますか？",ContractBilling
"申し込みから開通までの流れについて教えてください。",ContractBilling
"転用する時にかかる品目変更の手数料・工事費はいくらですか？",ContractBilling
"光コースの月額料金を教えてください。",ContractBilling
"オプションServiceはいくらですか？",ContractBilling
"光 with フレッツとはどのようなServiceですか？",ContractBilling
"光コース プレミアムを2年契約で利用しています。契約満了月（解除料がかからない月）以外に解約するといくらかかりますか。",ContractBilling
"解約時に解除料はかかりますか？",ContractBilling
"途中でプレミアムプランを解除した場合、解除料はかかりますか？",ContractBilling
"月額いくらかかりますか？",ContractBilling
"毎月の支払額はいくらになりますか？（2017年3月1日以降お申し込みのお客さま）",ContractBilling
"どのようなServiceですか？",ContractBilling
"バリューパック（for Mobile）とはどのようなServiceですか？",ContractBilling
"プレミアムと一緒に申し込む場合と別々で申し込む場合、どちらがおトクですか？",ContractBilling
"支払い方法について教えてください。",ContractBilling
"月額料金を教えてください。",ContractBilling
"光 フレッツコースの利用料金を教えてください。",ContractBilling
"ADSL Serviceから光 with フレッツに乗り換えた場合、フォンは使えますか？",ContractBilling
"解約した場合、解除料はかかりますか？",ContractBilling
"対象Serviceを教えてください。",ContractBilling
"電話加入権不要タイプとはなんですか？",ContractBilling
" 光 ファミリー・ライトとは月額料金はいくらですか？",ContractBilling
"IPv6 IPoE + IPv4 （IPv6高速ハイブリッド）接続方式を利用すると別途料金が発生しますか？",ContractBilling
"料金プラン(定期契約あり)の契約満了月は、いつですか?",ContractBilling
"フレッツ光のどのServiceに申し込みをしているかわかりません。",ContractBilling
"どこで申込みできますか？",ContractBilling
" 光 ファミリー・ライトとはどのようなServiceですか？",ContractBilling
"解除方法を教えてください。",ContractBilling
"光セットアップサポートとはどんなサポートがありますか？",ContractBilling
"申込方法を教えてください。",ContractBilling
"「基本Service（プレミアム）」「プレミアム」と「プレミアム」の違いはなんですか？",ContractBilling
"解除される場合はありますか？",ContractBilling
"光セットアップサポートとはService内容を教えてください",ContractBilling
"ADSLは電話とインターネットを同時に利用できるのですか？",ContractBilling
"ウォレットとは何ですか？",ContractBilling
"契約期間を変更することはできますか？またその際の費用も教えてください。",ContractBilling
"月額料金はいくらですか？",ContractBilling
"ADSL、バリュープランの違いを教えてください。",ContractBilling
"どのようなServiceですか？",ContractBilling
"光コースを解約した場合、解除料（違約金）はかかりますか？",ContractBilling
"毎月の支払額はいくらになりますか？（2017年2月28日以前にお申し込みのお客さま）",ContractBilling
"「光 with フレッツ」と「光 フレッツコース」の違いは何ですか？",ContractBilling
"どのようなServiceですか？",ContractBilling
"途中でバリューパックを解除するとタブレットはどうなりますか？",ContractBilling
"申し込みから開通までの流れについて教えてください。",ContractBilling
"転用する時にかかる品目変更の手数料・工事費はいくらですか？",ContractBilling
"光コースの月額料金を教えてください。",ContractBilling
"オプションServiceはいくらですか？",ContractBilling
"光 with フレッツとはどのようなServiceですか？",ContractBilling
"光コース プレミアムを2年契約で利用しています。契約満了月（解除料がかからない月）以外に解約するといくらかかりますか。",ContractBilling
"解約時に解除料はかかりますか？",ContractBilling
"途中でプレミアムプランを解除した場合、解除料はかかりますか？",ContractBilling
"月額いくらかかりますか？",ContractBilling
"毎月の支払額はいくらになりますか？（2017年3月1日以降お申し込みのお客さま）",ContractBilling
"どのようなServiceですか？",ContractBilling
"バリューパック（for Mobile）とはどのようなServiceですか？",ContractBilling
"プレミアムと一緒に申し込む場合と別々で申し込む場合、どちらがおトクですか？",ContractBilling
"支払い方法について教えてください。",ContractBilling
"月額料金を教えてください。",ContractBilling
"光 フレッツコースの利用料金を教えてください。",ContractBilling
"ADSL Serviceから光 with フレッツに乗り換えた場合、フォンは使えますか？",ContractBilling
"解約した場合、解除料はかかりますか？",ContractBilling
"対象Serviceを教えてください。",ContractBilling
"電話加入権不要タイプとはなんですか？",ContractBilling
" 光 ファミリー・ライトとは月額料金はいくらですか？",ContractBilling
"IPv6 IPoE + IPv4 （IPv6高速ハイブリッド）接続方式を利用すると別途料金が発生しますか？",ContractBilling
"料金プラン(定期契約あり)の契約満了月は、いつですか?",ContractBilling
"フレッツ光のどのServiceに申し込みをしているかわかりません。",ContractBilling
"どこで申込みできますか？",ContractBilling
" 光 ファミリー・ライトとはどのようなServiceですか？",ContractBilling
"解除方法を教えてください。",ContractBilling
"光セットアップサポートとはどんなサポートがありますか？",ContractBilling
"申込方法を教えてください。",ContractBilling
"「基本Service（プレミアム）」「プレミアム」と「プレミアム」の違いはなんですか？",ContractBilling
"解除される場合はありますか？",ContractBilling
"光セットアップサポートとはService内容を教えてください",ContractBilling
"ADSLは電話とインターネットを同時に利用できるのですか？",ContractBilling
"ウォレットとは何ですか？",ContractBilling
"契約期間を変更することはできますか？またその際の費用も教えてください。",ContractBilling
"月額料金はいくらですか？",ContractBilling
"ADSL、バリュープランの違いを教えてください。",ContractBilling
"どのようなServiceですか？",ContractBilling
"光コースを解約した場合、解除料（違約金）はかかりますか？",ContractBilling
"毎月の支払額はいくらになりますか？（2017年2月28日以前にお申し込みのお客さま）",ContractBilling
"「光 with フレッツ」と「光 フレッツコース」の違いは何ですか？",ContractBilling
"どのようなServiceですか？",ContractBilling
"途中でバリューパックを解除するとタブレットはどうなりますか？",ContractBilling
"申し込みから開通までの流れについて教えてください。",ContractBilling
"転用する時にかかる品目変更の手数料・工事費はいくらですか？",ContractBilling
"光コースの月額料金を教えてください。",ContractBilling
"オプションServiceはいくらですか？",ContractBilling
"光 with フレッツとはどのようなServiceですか？",ContractBilling
"光コース プレミアムを2年契約で利用しています。契約満了月（解除料がかからない月）以外に解約するといくらかかりますか。",ContractBilling
"解約時に解除料はかかりますか？",ContractBilling
"途中でプレミアムプランを解除した場合、解除料はかかりますか？",ContractBilling
"月額いくらかかりますか？",ContractBilling
"毎月の支払額はいくらになりますか？（2017年3月1日以降お申し込みのお客さま）",ContractBilling
"どのようなServiceですか？",ContractBilling
"バリューパック（for Mobile）とはどのようなServiceですか？",ContractBilling
"プレミアムと一緒に申し込む場合と別々で申し込む場合、どちらがおトクですか？",ContractBilling
"支払い方法について教えてください。",ContractBilling
"月額料金を教えてください。",ContractBilling
"光 フレッツコースの利用料金を教えてください。",ContractBilling
"ADSL Serviceから光 with フレッツに乗り換えた場合、フォンは使えますか？",ContractBilling
"解約した場合、解除料はかかりますか？",ContractBilling
"対象Serviceを教えてください。",ContractBilling
"電話加入権不要タイプとはなんですか？",ContractBilling
" 光 ファミリー・ライトとは月額料金はいくらですか？",ContractBilling
"IPv6 IPoE + IPv4 （IPv6高速ハイブリッド）接続方式を利用すると別途料金が発生しますか？",ContractBilling
"料金プラン(定期契約あり)の契約満了月は、いつですか?",ContractBilling
"フレッツ光のどのServiceに申し込みをしているかわかりません。",ContractBilling
"どこで申込みできますか？",ContractBilling
" 光 ファミリー・ライトとはどのようなServiceですか？",ContractBilling
"解除方法を教えてください。",ContractBilling
"光セットアップサポートとはどんなサポートがありますか？",ContractBilling
"申込方法を教えてください。",ContractBilling
"「基本Service（プレミアム）」「プレミアム」と「プレミアム」の違いはなんですか？",ContractBilling
"解除される場合はありますか？",ContractBilling
"光セットアップサポートとはService内容を教えてください",ContractBilling
"ADSLは電話とインターネットを同時に利用できるのですか？",ContractBilling
"ウォレットとは何ですか？",ContractBilling
"契約期間を変更することはできますか？またその際の費用も教えてください。",ContractBilling
"光 with フレッツ／フレッツコースを解約した場合、解除料（違約金）はかかりますか？",ContractBilling
"現在、ADSLService利用しています。バリュープランに変更した場合、キャンペーンは適用になりますか。",ContractBilling
"IPv6 IPoE + IPv4 （IPv6高速ハイブリッド）接続方式は誰でも利用できますか？申し込み条件はありますか？",ContractBilling
"光ユニットが届きました。フレッツ光回線の工事完了前ですが、接続していいのでしょうか。",ContractBilling
"光 with フレッツ／光 フレッツコースは申し込みから利用開始までの流れを教えてください。",ContractBilling
"「フレッツ光」と「光 with フレッツ」は、別々に申し込みが必要ですか？",ContractBilling
"光は申し込みから開通までの流れについて教えてください。",ContractBilling
"光 with フレッツに新規申し込みをしたいのですが、どうすれば良いですか？",ContractBilling
"光 with フレッツへの申し込みにあたって、NTTへフレッツ光回線の申し込み手続きは必要ですか？",ContractBilling
"光 with フレッツの利用可能な条件を教えてください。",ContractBilling
"ADSLServiceを利用したいのですが、どうすればいいですか？",ContractBilling
"固定電話（電話加入権）を持っていませんが光 with フレッツを利用できますか？",ContractBilling
"地デジは地デジチューナープラス／Wi-Fi地デジパックはどのServiceでも利用できますか？",ContractBilling
"for Mobileどこで申し込み出来ますか？",ContractBilling
"ADSLは他社ADSLを利用中です。切り替えはいつ行ったらいいですか？",ContractBilling
"現在、フレッツ光を他社プロバイダで利用していますが光 with フレッツに乗り換えることはできますか？",ContractBilling
"の通常タイプにてADSLを利用中ですが、もう１回線別に電話加入権不要タイプを申し込むことはできますか？",ContractBilling
"光シティに申し込むための条件はありますか？",ContractBilling
"光シティは申し込んでからどのくらいで利用できますか？",ContractBilling
"証明書が運転免許証で裏面に新住所が記載されています。両面のコピーが必要ですか？",ContractBilling
"ADSL 電話加入権不要タイプは証明書が運転免許証で裏面に新住所が記載されています。両面のコピーが必要ですか？",ContractBilling
"光 with フレッツはどのタイプのフレッツ光Serviceでも利用できますか？",ContractBilling
"光はどこで申込みできますか？",ContractBilling
"現在ISDN回線（INSネット64）を利用していますが、ADSLServiceに申し込みできますか？",ContractBilling
"支払クレジットカードの名義が申し込み本人と異なる場合、申し込みできますか？",ContractBilling
"未成年申込みについて確認したい",ContractBilling
"他社の電話加入権不要タイプを利用していますが、電話加入権不要タイプを申し込み後も引き続き利用できますか？",ContractBilling
"現在ADSLServiceを利用していますが、新しく光シティServiceも一緒に利用することはできますか？",ContractBilling
"申込者が未成年のため、申込名義人名が証明書の名前と異なりますが申し込みはできますか？また、保護者(二親等以内)の証明書と同一住所でなくても大丈夫ですか？",ContractBilling
"NTT以外の光回線でも光 with フレッツ／光 フレッツコースを利用できますか？",ContractBilling
"ADSLと同時に契約できない電話Serviceはありますか？",ContractBilling
"借家ですが光Serviceの利用は可能ですか？",ContractBilling
"モデムを持ち込んだ場合でも新規契約者の特典／キャンペーンの対象になりますか？",ContractBilling
"「光 with フレッツ」に申し込みたいのですが、どの地域でも申し込めますか？",ContractBilling
"for Mobileは申し込み時に何か特典はありますか？",ContractBilling
"提供の有料Serviceの利用停止方法を教えてください。",ContractBilling
"オプションServiceの申し込み、利用停止の手続き方法を教えてください。",ContractBilling
"モデムなど機器が返却されたかどうか確認する方法を教えてください。",ContractBilling
"「ご利用開始のご案内」で ID、パスワード／S-ID（認証ID）、パスワードを確認する方法を教えてください。",ContractBilling
"Service変更をした場合、モデムなどの機器はいつまでに返却すればいいですか？",ContractBilling
" ADSLから バリュープランへの変更方法を教えてください。",ContractBilling
"ADSL 通常タイプを利用していますが、光 with フレッツに乗り換えた場合、月額料金と通信速度はどのように変わりますか？",ContractBilling
"Service変更をする場合、手数料等がかかりますか？",ContractBilling
"バリュープランへService変更した場合、「ご利用開始のご案内（スターターパック）」は新たに届きますか？",ContractBilling
"バリュープランにService変更をした場合、料金はいつから変わりますか？",ContractBilling
"現在、ADSLService利用しています。バリュープランに変更した場合、キャンペーンは適用になりますか。",ContractBilling
"バリュープランへの変更に伴い、標準工事費の支払い期間はどうなりますか？",ContractBilling
"光 with フレッツにService変更する場合、ADSL Serviceの契約は解約手続きが必要ですか？",ContractBilling
"バリュープランへ変更すると、 IDやメールアドレスは変更になりますか？",ContractBilling
"ADSLでService変更をした場合、今まで利用していたモデムはそのまま使えますか？",ContractBilling
"Service変更や解約をした場合、利用しなくなったモデムなどの接続機器はどうすればいいですか？",ContractBilling
"ADSLServiceから、光 with フレッツに変更した場合、利用していたオプションServiceは継続して利用できますか？",ContractBilling
"加入中のServiceを変更をしました。正しく登録できているか確認する方法を教えてください。",ContractBilling
"ADSL Serviceから光に乗り換えた場合、 ID・カスタマーIDはどうなりますか？",ContractBilling
"転用する時にかかる品目変更の手数料・工事費はいくらですか？",ContractBilling
"で提供している各種Serviceについて確認したい。",ContractBilling
"ADSL Serviceから光 with フレッツにService変更した場合、メールアドレスは変更になりますか？",ContractBilling
"現在、BBフォンを契約していませんが、バリュープランへ変更できますか。",ContractBilling
"引越し手続きと同時に「バリュープラン」へServiceを変更できますか？",ContractBilling
"ADSL Serviceから光 with フレッツへのService変更をすると、いつまでADSLServiceを利用できますか？",ContractBilling
"回線速度変更（Service変更）手続きはどこで行えますか？",ContractBilling
"支払い方法について教えてください。",ContractBilling
"どこで申込みできますか？",ContractBilling
"ADSL Serviceで使用している IDやBBフォン050番号を引き継いだまま、光 with フレッツへ申し込みできますか？",ContractBilling
"電話加入権不要タイプで申し込み、その後電話加入権を取得した場合、解約せずに通常タイプへ移行できますか？",ContractBilling
"Service変更をした場合、いつからADSLは使えなくなりますか？",ContractBilling
"「プレミアム」解除方法を教えてください。",ContractBilling
"他社ADSLServiceから光Serviceへ乗り換えた場合、インターネットを利用できない期間は具体的にどの程度発生しますか？",ContractBilling
"ADSLServiceから光シティへService変更した場合、BBフォン「050番号」は変更されるのですか？",ContractBilling
"「基本Service（プレミアム）」解除方法を教えてください。",ContractBilling
"ADSL Serviceから光 with フレッツにService変更した場合、のコンテンツ特典は、そのまま使えますか？",ContractBilling
"現在、ADSL電話加入権不要タイプを利用していますが、光 with フレッツへService変更をすることはできますか？",ContractBilling
"ADSL Serviceから光 with フレッツにService変更しましたが、支払い方法の登録は、もう一度する必要ありますか？",ContractBilling
" 光へのService変更可能なServiceは何ですか？",ContractBilling
"「プレミアム」解除方法を教えてください。",ContractBilling
"光ServiceからADSLへのService変更は可能ですか？",ContractBilling
"毎月の支払いをクレジットカードに変更する方法を教えてください。",ContractBilling
"「ご利用開始のご案内」でService ID、パスワード／S-ID（認証ID）、パスワードを確認する方法を教えてください。",ContractBilling
"支払いができなかったため、インターネットServiceが停止されました。Service再開するにはどのような手続きが必要ですか？",ContractBilling
"光 with フレッツ／フレッツコースを解約した場合、解除料（違約金）はかかりますか？",ContractBilling
"解約した場合、料金はいつまで請求されますか？",ContractBilling
"請求金額を確認する方法を教えてください。",ContractBilling
"月額利用料金が決まっているはずなのに、毎月の請求額が違うのはなぜですか？",ContractBilling
"Serviceの利用明細やBBフォンの通話料を確認する方法を教えてください。",ContractBilling
"Service変更をする場合、手数料等がかかりますか？",ContractBilling
"料金の支払い方法にはどのような種類がありますか？",ContractBilling
"料金はどちらから請求されますか？",ContractBilling
"現在登録している支払い方法はどこで確認できますか？（Serviceウォレットご利用の場合）",ContractBilling
"コンビニエンスストア払込票を紛失・破損して支払いができませんでした。支払いはどうしたらいいですか？",ContractBilling
"モデムのレンタル料を毎月払うのではなく、自分で用意したモデムを使いたいのですが可能ですか？",ContractBilling
"料金の請求時期、支払時期を教えてください。",ContractBilling
"月の途中で解約をした場合、料金は日割りになりますか？",ContractBilling
"口座振替（引き落とし）は毎月何日ですか？",ContractBilling
"支払い方法を登録するにはどうしたらいいですか？（銀行、ゆうちょ銀行などの金融機関）",ContractBilling
"レンタルしているモデムが壊れたときは、修理は有償ですか？",ContractBilling
"契約者と違う名義の口座を登録できますか？",ContractBilling
"で提供している各種Serviceについて確認したい。",ContractBilling
"支払方法を登録したはずなのに請求書が届きました。なぜですか？",ContractBilling
"BBフォンの通話明細の確認方法を教えてください。",ContractBilling
"コンビニエンスストア払込票が届きましたが、振り込みで支払いたいです。振込用の口座はありますか？",ContractBilling
"ADSLモデムのレンタル料金はいくらですか？",ContractBilling
"請求の内訳はどこで確認できますか？",ContractBilling
"月額利用料金以外に通信料は別途必要ですか？",ContractBilling
"請求書での支払いは可能ですか？",ContractBilling
"利用料金はどのように支払うのですか？",ContractBilling
"コンビニエンスストア払込票の手数料というのは何ですか？",ContractBilling
"支払い方法を登録・変更する方法を教えてください。（Service指定銀行）",ContractBilling
"支払いができているかどうかを確認することはできますか？",ContractBilling
"支払い方法について教えてください。",ContractBilling
"特典適用条件を教えてください。",ContractBilling
"ADSL Serviceから光 with フレッツにService変更しましたが、ADSLServiceの料金も請求されました。なぜですか？",ContractBilling
"光Serviceの月額利用料金と一緒に、Serviceからの請求も入っています。",ContractBilling
"支払い方法に登録できる金融機関を知りたい",ContractBilling
"解約したのにBBフォンの通話料が請求されています。",ContractBilling
"料金はいつから発生しますか？",ContractBilling
"NTTと当社から別々に請求されますが、一括請求してくれますか？",ContractBilling
"コンビニエンスストア払込票を支払方法として登録できますか？",ContractBilling
"の月額利用料金と一緒に、Serviceからの請求も入っています。",ContractBilling
"料金の請求時期、支払時期を教えてください",ContractBilling
"光の月額利用料金はいつから発生しますか？",ContractBilling
"複数のService IDに対する請求をまとめることはできますか？",ContractBilling
"BBフォンの通話明細郵送Serviceの申し込み方法を教えてください。",ContractBilling
"転送電話Serviceの申し込みを検討していますが、転送時の通話料はどちらが負担するのですか？",ContractBilling
"引越しした場合、支払方法の変更手続きは必要ですか?",ContractBilling
"支払い方法を変更するにはどうしたらいいですか？（銀行、ゆうちょ銀行などの金融機関）",ContractBilling
"料金プラン(定期契約あり)の契約満了月は、いつですか?",ContractBilling
"の利用料金はいつから発生しますか？",ContractBilling
"月の途中でおでかけアクセスを解約した場合の料金はどうなりますか？",ContractBilling
"インターネットを使わない月も月額利用料金は請求されますか？",ContractBilling
"支払クレジットカードの名義が申し込み本人と異なる場合、申し込みできますか？",ContractBilling
"料金の請求時期、支払時期を教えてください。",ContractBilling
"モバイル接続Service（おでかけアクセス）の利用料金はいくらですか？",ContractBilling
"電話・リモートサポートを利用した場合の料金はいつ支払うのですか？",ContractBilling
"毎月の支払いをクレジットカードに変更する方法を教えてください。",ContractBilling
"訪問サポートでは、Problemが解決しなかった場合でも料金は発生しますか？",ContractBilling
"月額利用料金とBBフォン通話料金の請求を別々に支払うことはできますか？",ContractBilling
"保証書の買取したモデムの保証書を紛失してしまった場合、故障時に保証は受けられないのでしょうか？",ContractBilling
"訪問サポートを利用した場合の料金はいつ支払うのですか？",ContractBilling
"ADSLモデムには、保証書は付いていないのですか？",ContractBilling
"訪問サポートでスタッフが訪問した時に不在にしてしまった場合でも料金は発生しますか？",ContractBilling
"リフォームなどにより成端キャビネット(あるいは光ターミナル)を移設する場合、移設費はかかりますか？",ContractBilling
"転送電話Serviceで利用した料金は、通話明細にはどのように表示されますか？",ContractBilling
"Serviceウォレットとは何ですか？",ContractBilling
"契約期間を変更することはできますか？またその際の費用も教えてください。",ContractBilling
"毎月の支払いをクレジットカードに変更する方法を教えてください。",ContractBilling
"工事費の分割払いはできますか？",ContractBilling
"料金の請求時期、支払時期を教えてください",ContractBilling
"支払い方法を登録・変更するにはどうしたらいいですか？（銀行、ゆうちょ銀行などの金融機関）",ContractBilling
" たまったポイントは、何に使えますか?",Customer Support
" ポイント交換商品の申込み方法を教えてください。",Customer Support
" ポイント進呈の対象となる料金を教えてください。",Customer Support
" ポイント電池パック交換Serviceについて教えてください。",Customer Support
" ポイント電池パック交換Serviceは、現金で申込みできますか?",Customer Support
" ポイント電池パック交換Serviceを申込みしました。商品が届くまで、どれくらいかかりますか?",Customer Support
" 一括請求の子回線から、ポイント交換商品の申込みはできますか?",Customer Support
"MyPageアプリで、データの自動更新が失敗してしまいます。どのようなことが考えられますか?",Customer Support
"MyPageアプリについて教えてください。",Customer Support
"MyPageアプリの、パスコードについて教えてください。",Customer Support
"MyPageアプリのウィジェットを表示する設定方法を教えてください。",Customer Support
"MyPageアプリのウィジェット機能で、表示できる項目を教えてください。",Customer Support
"MyPageアプリのデータは、microSDメモリーカードなどに保存したり、削除することはできますか?",Customer Support
"MyPageアプリのデータを、Wi-Fi接続時のみ自動更新する設定方法を教えてください。",Customer Support
"MyPageアプリのデータを、手動更新する方法を教えてください。",Customer Support
"MyPageアプリのデータを、自動更新する設定方法を教えてください。",Customer Support
"MyPageアプリのパスコードを忘れてしまったり、ロックがかかった場合はどうしたらいいですか?",Customer Support
"MyPageアプリのパスコードを間違えると、ロックはかかりますか?",Customer Support
"MyPageアプリは、Wi-Fi接続で利用できますか?",Customer Support
"MyPageアプリは、複数のアカウントを登録して利用できますか?",Customer Support
"MyPageからビジネス安心安全マネージャーのオプションを全て申込みできますか?",Customer Support
"MyPageにログインできない場合、どうしたらいいですか?",Customer Support
"MyPageの「オンライン手続き」で、家族名義の回線の各種手続き(料金プラン変更など)はできますか?",Customer Support
"MyPageの「オンライン手続き」で、携帯電話の解約はできますか?",Customer Support
"MyPageの「オンライン手続き」で手続きを行った場合、契約内容はいつ変更されますか?",Customer Support
"MyPageの「オンライン手続き」で手続き中にエラー画面が表示されます。どうしたらいいですか?",Customer Support
"MyPageの「オンライン手続き」で申込みした内容は、確認できますか?",Customer Support
"MyPageの「オンライン手続き」について教えてください。",Customer Support
"MyPageの「オンライン手続き」は、いつメンテナンスを行っていますか?",Customer Support
"MyPageの「ご利用データ量確認(3日間)(当月ご利用分)」サイトについて教えてください。",Customer Support
"MyPageの「ご契約内容確認・変更」画面の氏名や住所が正しく表示されていないのは、どうしてですか?",Customer Support
"MyPageの「商品など購入履歴の確認」で、確認できる内容について教えてください。",Customer Support
"MyPageのセキュリティについて教えてください。",Customer Support
"MyPageのトップ画面に表示される「機種ご利用期間」について教えてください。",Customer Support
"MyPageのトップ画面右側に表示される「機種」が、現在利用している機種と違う場合、どうすればいいですか?",Customer Support
"MyPageのメールマガジン「MyPage Guide」を受信すると、セキュリティ警告が出るなど正常に受信できないのはどうしてですか?",Customer Support
"MyPageのメールマガジンからウイルス感染の心配はありませんか?",Customer Support
"MyPageの登録情報変更について教えてください。",Customer Support
"MyPageやポイントクラブサイトに表示される、ニックネームについて教えてください。",Customer Support
"MyPageを利用する際の、認証方法(認証キー)を教えてください。",Customer Support
"アカウントのIDパスワードを変更(再発行)しても、MyPageアプリは引き続き利用できますか?",Customer Support
"インターネットで、料金プラン変更はできますか?",Customer Support
"ご利用料金管理Serviceについて教えてください。",Customer Support
"データモード版「MyPage(お客様サポート)」の「ご利用料金の確認」や「オンライン手続き」は、Wi-Fi接続で利用できますか?",Customer Support
"の総合カタログは、どこで請求できますか?",Customer Support
"パソコン版MyPageの利用に、料金はかかりますか?",Customer Support
"パソコン版ホームページのオートログインについて教えてください。",Customer Support
"ビジネスプレミアクラブについて教えてください。",Customer Support
"ビジネス安心安全マネージャーについて教えてください。",Customer Support
"ビジネス安心安全マネージャーの詳しい操作方法はどのように確認できますか?",Customer Support
"ビジネス安心安全マネージャー管理者サイトへのログインはどのように行うのでしょうか?",Customer Support
"ホームページMyPageの推奨環境を教えてください。",Customer Support
"個人名義で一括請求を組んでいます。一括請求の代表回線でMyPageの「オンライン手続き」にログインした場合、子回線の手続きはできますか?",Customer Support
"各種料金プラン割引Serviceの、解約金がかからない月や契約期間は、MyPageで確認できますか?",Customer Support
"安心安全マネージャーへログインできない場合、どうしたらいいですか?(ご契約中のお客様)",Customer Support
"携帯電話の解約携帯電話・PHS番号ポータビリティ(MNP)を利用して解約した後に、パソコン版MyPageは利用できますか?",Customer Support
"法人名義の場合、MyPageの「オンライン手続き」は利用できますか?",Customer Support
"iOS版アカウント設定アプリの機能について教えてください。",Customer Support
"PIN1コード・PIN2コードについて教えてください。",Customer Support
"PIN1コード・PIN2コードを忘れた場合、どうしたらいいですか?",Customer Support
"PINロック解除コード(PUK)について教えてください。",Customer Support
"PINロック解除コード(PUK)の、確認方法を教えてください。",Customer Support
"アカウント(の回線をお持ちでない方向け)の、発行・確認・変更方法を教えてください。",Customer Support
"アカウントとNTTファイナンスの「Webビリング」のIDパスワードを連携登録しています。連携を解除できますか?",Customer Support
"アカウントについて教えてください。",Customer Support
"アカウントに対応しているのServiceは、アカウントポータルサイトで確認できますか?",Customer Support
"アカウントの、シングルサインオンについて教えてください。",Customer Support
"アカウントのIDパスワードで、NTTファイナンスの「Webビリング」にログインできますか?",Customer Support
"アカウントのIDパスワードに、有効期限はありますか?",Customer Support
"アカウントのIDパスワードにおける、2段階認証の設定解除方法を教えてください。",Customer Support
"アカウントのIDパスワードの、2段階認証について教えてください。",Customer Support
"アカウントのIDパスワードの、IDを変更する方法を教えてください。",Customer Support
"アカウントのIDパスワードの、かんたんログインについて教えてください。",Customer Support
"アカウントのIDパスワードの、パスワードを変更する方法を教えてください。",Customer Support
"アカウントのIDパスワードの、発行・再発行方法を教えてください。",Customer Support
"アカウントのIDパスワードのロックを解除しても、何度もロックされてしまいます。どうしてですか?",Customer Support
"アカウントのIDパスワードを忘れた場合、どうしたらいいですか?",Customer Support
"アカウントのIDパスワードを発行する際に登録する、予備メールアドレスについて教えてください。",Customer Support
"アカウントのIDパスワードを間違えたら、ロックがかかりますか?",Customer Support
"アカウントのIDにのメールアドレス(@.ne.jp)を利用しています。メールアドレスを変更した場合、アカウントのIDはどうなりますか?",Customer Support
"アカウントのワンタイムキーについて教えてください。",Customer Support
"アカウントの利用履歴は、確認できますか?",Customer Support
"アカウントを変更した場合、変更前のアカウントは他のお客様に取得される可能性がありますか?",Customer Support
"アカウント設定について教えてください。",Customer Support
"アカウント設定のエラーコードには、どのようなものがありますか?",Customer Support
"アプリパスワードについて教えてください。",Customer Support
"アプリパスワードを忘れた場合、どうしたらいいですか?",Customer Support
"データモードパスワードデータモードパスワードは、入力を間違えるとロックがかかりますか?",Customer Support
"データモードパスワードデータモードパスワードは、変更できますか?",Customer Support
"データモードパスワードデータモードパスワードを忘れてしまった場合、どうしたらいいですか?",Customer Support
"データモードパスワードについて教えてください。",Customer Support
"データモードパスワードについて教えてください。",Customer Support
"で利用する暗証番号やパスワードには、どのようなものがありますか?",Customer Support
"ネットワーク暗証番号について教えてください。",Customer Support
"ネットワーク暗証番号の変更は、どこでできますか?",Customer Support
"ネットワーク暗証番号は、何回入力を間違えるとロックがかかりますか?",Customer Support
"ネットワーク暗証番号を忘れてしまったり、ロックがかかってしまった場合、どうしたらいいですか?",Customer Support
"リミットパスワードについて教えてください。",Customer Support
"携帯電話を解約した場合、アカウントのIDパスワードは継続して利用できますか?",Customer Support
"生体認証を利用してログインや決済をするための、設定解除方法を教えてください。",Customer Support
"端末暗証番号は、変更できますか?",Customer Support
"端末暗証番号を忘れた場合、どうしたらいいですか?",Customer Support
"自分の携帯電話番号を、アカウントのIDに設定できますか?",Customer Support
"iTunes コード、Apple Music コードに使用条件はありますか?",Customer Support
"U25応援割は、オンラインショップで申込みできますか?",Customer Support
"オンラインショップから通知されるメールの受信設定をするには、どうしたらいいですか?",Customer Support
"オンラインショップで、ポイントポイント(期間・用途限定)ポイントや各種クーポンを利用することはできますか?",Customer Support
"オンラインショップで、何ができますか?",Customer Support
"オンラインショップで、修理の受付や代替機を貸出してもらうことはできますか?",Customer Support
"オンラインショップで、携帯電話を分割払いで購入できますか?",Customer Support
"オンラインショップで、料金プランの変更やオプションServiceの申込みはできますか?",Customer Support
"オンラインショップで、新商品は発売日の何時から購入できますか?",Customer Support
"オンラインショップで、新規契約携帯電話・PHS番号ポータビリティ(MNP)による新規契約の手続きはできますか?",Customer Support
"オンラインショップで、領収証をもらうことはできますか?",Customer Support
"オンラインショップでiTunes コードApple Music コードを購入しました。後からスマートフォンや スマートフォンでiTunes コードApple Music コードを確認することはできますか?",Customer Support
"オンラインショップでiTunes コードApple Music コードを購入しました。後からパソコンでiTunes コードApple Music コードを確認することはできますか?",Customer Support
"オンラインショップでの商品価格を教えてください。",Customer Support
"オンラインショップでの申込みに関して、個人情報などのセキュリティは大丈夫ですか?",Customer Support
"オンラインショップでの購入代金の支払い方法について教えてください。",Customer Support
"オンラインショップでは、一度に何回線まで購入できますか?",Customer Support
"オンラインショップでは、契約事務手数料がかかりますか?",Customer Support
"オンラインショップで予約した場合、商品予約に有効期限はありますか?",Customer Support
"オンラインショップで予約する場合、手数料などの料金はかかりますか?",Customer Support
"オンラインショップで予約する場合、色違いなどの複数の端末を、同一回線で予約することはできますか?",Customer Support
"オンラインショップで商品を購入する際、旧端末の下取りの申込み項目が表示されません。どうしてですか?",Customer Support
"オンラインショップで手続き中にエラー画面が表示されました。どうしたらいいですか?",Customer Support
"オンラインショップで携帯電話の解約はできますか?",Customer Support
"オンラインショップで携帯電話を購入した場合の、毎月の料金のシミュレーションはできますか?",Customer Support
"オンラインショップで携帯電話を購入する場合、月々のお支払いに口座振替を選択できますか?",Customer Support
"オンラインショップで料金プラン割引Serviceの変更を行った場合、いつから適用になりますか?",Customer Support
"オンラインショップで新規契約する場合、本人確認書類はどのように送ればいいですか?",Customer Support
"オンラインショップで新規契約や機種変更をする場合、携帯電話を分割払いで購入できますか?",Customer Support
"オンラインショップで機種変更契約変更と同時に、料金プラン変更などはできますか?",Customer Support
"オンラインショップで機種変更契約変更をする場合、料金プラン「カケホーダイ&パケあえる」に変更せず、現行の料金プランのままで手続きできますか?",Customer Support
"オンラインショップで機種変更した場合、ケータイ補償 お届けServiceケータイ補償Serviceの補償対象端末は、いつから変更になりますか?",Customer Support
"オンラインショップで機種変更をする場合、おサイフケータイは継続して利用できますか?",Customer Support
"オンラインショップで注文完了後に表示される「受付番号」について教えてください。",Customer Support
"オンラインショップで申込みした内容を、確認することはできますか?",Customer Support
"オンラインショップで申込みした内容をキャンセルする場合、どうしたらいいですか?",Customer Support
"オンラインショップで申込みをしましたが、申込み受付メールが届きません。メールを再送してもらえますか?",Customer Support
"オンラインショップで申込んだ内容を変更できますか?",Customer Support
"オンラインショップで端末を購入した後に、料金プランの変更はできますか?",Customer Support
"オンラインショップで端末を購入する場合、カケホーダイプランを単独で申込みできますか?",Customer Support
"オンラインショップで端末を購入する際、下取りプログラムを申込みました。端末は届いたのに送付キットが届きません。どうしてですか?",Customer Support
"オンラインショップで購入したiTunesコードのチャージが、エラーになってしまう場合、どうしたらいいですか?",Customer Support
"オンラインショップで購入した商品が届かない場合、どうしたらいいですか?",Customer Support
"オンラインショップで購入した商品が届くまで、現在の携帯電話は利用できますか?",Customer Support
"オンラインショップで購入した商品の受取方法について教えてください。",Customer Support
"オンラインショップで購入した商品の受取日時は変更できますか?",Customer Support
"オンラインショップで購入した商品の返品交換の手続きは、どのようにすればいいですか?",Customer Support
"オンラインショップで購入した商品の返品交換はできますか?",Customer Support
"オンラインショップで購入した商品の送付先は、変更できますか?",Customer Support
"オンラインショップで購入した商品の配送状況は、確認できますか?",Customer Support
"オンラインショップで購入した商品は、いつ届きますか?",Customer Support
"オンラインショップで購入した商品は、代理人でも受け取れますか?",Customer Support
"オンラインショップで購入した商品は、宅配ボックスに入れてもらえますか?",Customer Support
"オンラインショップで購入した商品は、海外へ配送できますか?",Customer Support
"オンラインショップで購入した商品を、ショップで受け取ることはできますか?",Customer Support
"オンラインショップで購入した商品をショップで受け取る場合、いつまでに取りに行けばいいですか?",Customer Support
"オンラインショップで購入した商品をショップで受け取る場合、ご利用開始(開通)のお手続きや初期設定は行ってもらえますか?",Customer Support
"オンラインショップで購入した商品を宅配で受け取る場合、送料はかかりますか?",Customer Support
"オンラインショップで購入した商品を返品する場合、どうしたらいいですか?",Customer Support
"オンラインショップで購入した商品を返品する場合、送料はかかりますか?",Customer Support
"オンラインショップで購入した携帯電話に、電話帳などのデータを移す方法を教えてください。",Customer Support
"オンラインショップで購入した携帯電話の修理は、どこでできますか?",Customer Support
"オンラインショップで購入した携帯電話は、到着してそのまま利用できますか?",Customer Support
"オンラインショップで購入した端末の、SIMロック解除はできますか?",Customer Support
"オンラインショップで購入する際に、メール便を選択できないのはどうしてですか?",Customer Support
"オンラインショップで購入する際に、購入手続き中に表示される配送希望日以外の日を選択できますか?",Customer Support
"オンラインショップで購入手続きする際に、実際のお届け可能日は確認できますか?",Customer Support
"オンラインショップの商品は、在庫確認できますか?",Customer Support
"オンラインショップの商品は、配送日時を指定できますか?",Customer Support
"オンラインショップの営業時間を教えてください。",Customer Support
"オンラインショップを利用するための推奨ブラウザを教えてください。",Customer Support
"オンラインショップを利用する場合、ブラウザ設定で気をつけることはありますか?",Customer Support
"オンラインショップを利用する場合、何が必要ですか?",Customer Support
"データ通信専用プランを利用している場合、オンラインショップで基本プランのカケホーダイプランカケホーダイライトプランシンプルプランは申込みできますか?",Customer Support
"パソコンでオンラインショップを利用したいのですが、アカウントのIDパスワードを忘れてしまいました。どうしたらいいですか?",Customer Support
"未成年ですが、オンラインショップは利用できますか?",Customer Support
"法人名義で契約している場合、オンラインショップは利用できますか?",Customer Support
"購入中に、エラーコード「36617」が表示されて買えません。どうしたらいいですか?",Customer Support
"音声通話非対応機種を利用している場合、オンラインショップで音声通話可能なプランの申込みはできますか?",Customer Support
"代金の振込先について",Customer Support
"画面が黒くなる",Customer Support
"請求書に関するQuestionをオンラインですることはできますか？",Customer Support
"請求書を複数人に配信することは可能ですか？",Customer Support
"オンラインサポートとは、どのようなServiceですか。",Customer Support
"お客さま管理者サイトを利用したいです。対象OS・ブラウザーを教えてください。",Customer Support
"携帯電話の紛失・盗難時は、どのような手続きをしたらいいですか?",Customer Support
"支払い方法の変更について教えて下さい",Customer Support
"請求先住所情報を変更するにはどうすればいいですか？",Customer Support
"お探しServiceについて教えてください。",Customer Support
"サーチServiceの対応機種を教えてください。",Customer Support
"サーチServiceの検索履歴は、確認できますか?",Customer Support
"サーチServiceの測位レベルについて教えてください。",Customer Support
"サーチServiceは、海外でも利用できますか?",Customer Support
"サーチServiceを利用したくない場合、どうしたらいいですか?",Customer Support
"サーチServiceを利用するには、何が必要ですか?",Customer Support
"Serviceで、事前に必要な設定を教えてください。",Customer Support
"Serviceで検索できないのは、どうしてですか?",Customer Support
"ロック解除は、どこでできますか?",Customer Support
"ロックについて教えてください。",Customer Support
"ロックの対応機種を教えてください。",Customer Support
"ロックの番号指定ロックと、遠隔ロックの違いを教えてください。",Customer Support
"ロック中にかかってきた電話やメールは、どうなりますか?",Customer Support
"再開について教えてください。",Customer Support
"再開の手続きは、どこでできますか?",Customer Support
"利用中断できる日数に、期限はありますか?",Customer Support
"利用中断について教えてください。",Customer Support
"利用中断中ロック中の場合、携帯電話のアラーム機能はどうなりますか?",Customer Support
"利用中断中に、留守番電話は利用できますか?",Customer Support
"利用中断中に送られてきた、メールやショートメッセージService(SMS)はどうなりますか?",Customer Support
"利用中断中の携帯電話に電話をかけた場合、どのようなガイダンスが流れますか?",Customer Support
"携帯電話が圏外や電源OFFでも、ロックはかかりますか?",Customer Support
"携帯電話の故障修理の場合に、利用できるServiceはありますか?",Customer Support
"機種変更契約変更をする場合、補償対象を新しい機種に変更できますか?",Customer Support
"海外で携帯電話を紛失した場合、ロックは利用できますか?",Customer Support
"紛失・盗難時に、携帯電話の位置を調べることはできますか?",Customer Support
"補償 お届けServiceについて教えてください。",Customer Support
"補償Serviceで利用される、交換電話機(リフレッシュ品)について教えてください。",Customer Support
"補償Serviceについて教えてください。",Customer Support
"補償Serviceに加入しています。利用(補償申込み)するには、どうしたらいいですか?",Customer Support
"補償Serviceの「継続のご契約特典」について教えてください。",Customer Support
"補償Serviceの加入や廃止は、どこでできますか?",Customer Support
"補償Serviceの加入条件や、利用(補償申込み)条件を教えてください。",Customer Support
"補償Serviceを利用(補償申込み)する際に、交換電話機の機種は選べますか?",Customer Support
"補償Service利用(補償申込み)時の、お客様負担金について教えてください。",Customer Support
"遠隔初期化について教えてください。",Customer Support
"遠隔初期化の、事前設定と利用方法を教えてください。",Customer Support
"MVNOについて教えてください。",Customer Support
"クラウドServiceの購入はできますか。",Customer Support
"一度に何台まで携帯電話を購入できますか。",Customer Support
"。",Customer Support
"申し込み後、商品が届くまでの期間を教えてください。",Customer Support
"申し込み方法を教えてください。",Customer Support
"端末を購入する際、支払い方法は選択できますか。",Customer Support
"端末料金の支払い方法を教えてください。",Customer Support
"管理者はスマートフォンの追加購入はできますか。",Customer Support
"購入可能な携帯電話の機種を教えてください。",Customer Support
"12.9インチタブレット Pro、10.5インチタブレット Proのスペックを教えてください。",Customer Support
"12.9インチタブレット Pro、10.5インチタブレット Proの購入予約について教えてください。",Customer Support
"Apple IDについて教えてください。",Customer Support
"Apple IDのパスワードを忘れた場合、どうしたらいいですか?",Customer Support
"Apple IDを忘れた場合、どうしたらいいですか?",Customer Support
"Apple Online Store(日本)や日本国内のApple Storeで購入したSIMフリーのスマートフォン、タブレットを持ち込みして、で新規契約することはできますか?",Customer Support
"AppleCare+ for スマートフォンについて教えてください。",Customer Support
"AppleCare+ for タブレットについて教えてください。",Customer Support
"iCloudについて教えてください。",Customer Support
"iTunes コードApple Music コードiTunes Cardは、オンラインショップショップで購入できますか?",Customer Support
"アカウントのIDパスワードを変更したら、スマートフォンでメールが利用できなくなりました。どうしたらいいですか?",Customer Support
"すでにショップなどで他の端末を購入予約しています。同じ携帯電話番号でスマートフォンやタブレットの購入予約はできますか?",Customer Support
"スマートフォン 、スマートフォン で、メールアドレスは変更できますか?",Customer Support
"スマートフォン 、スマートフォン でメールを利用しています。メールに変更するには、どうしたらいいですか?",Customer Support
"スマートフォン、スマートフォン Plus、スマートフォン、スマートフォン、スマートフォン Plusは、SIMロック解除に対応していますか?",Customer Support
"スマートフォン、スマートフォン Plusの購入予約について教えてください。",Customer Support
"スマートフォン、スマートフォン Plusの購入予約について教えてください。",Customer Support
"スマートフォン、タブレットのソフトウェアアップデートについて教えてください。",Customer Support
"スマートフォン、タブレットを購入できる店舗を教えてください。",Customer Support
"スマートフォンで、メールアドレスは変更できますか?",Customer Support
"スマートフォンで、特定の相手からの着信を拒否できますか?",Customer Support
"スマートフォンでメールを利用しています。「自動受信(プッシュ)」と「新着メールお知らせ設定」との違いを教えてください。",Customer Support
"スマートフォンでメールを利用中に、「ユーザー名またはパスワードが間違っています。」と表示されメールの受信ができない場合、どうしたらいいですか?",Customer Support
"スマートフォンでメールを送信できないのは、どうしてですか?",Customer Support
"スマートフォンと、スマートフォン Plusの違いを教えてください。",Customer Support
"スマートフォンと、スマートフォン Plusの違いを教えてください。",Customer Support
"スマートフォンに電話帳データを移行する操作方法を教えてください。",Customer Support
"スマートフォンのスペックを教えてください。",Customer Support
"スマートフォンの付属品(オプション品)は、ショップで購入できますか?",Customer Support
"スマートフォンは、LTEに対応していますか?",Customer Support
"スマートフォンは、公衆電話からの着信を受けることができますか?",Customer Support
"スマートフォンやタブレットが故障したり破損した場合、どうしたらいいですか?",Customer Support
"スマートフォンやタブレットで、メール自動受信(プッシュ)設定をしても自動受信されません。どうしたらいいですか?",Customer Support
"スマートフォンやタブレットでパスコードを忘れた場合、どうしたらいいですか?",Customer Support
"スマートフォンやタブレットに搭載されている「機能制限」について教えてください。",Customer Support
"スマートフォンやタブレットのユーザガイド(取扱説明書)は、どこで確認できますか?",Customer Support
"スマートフォンやタブレットは、SIMロック解除できますか?",Customer Support
"スマートフォンやタブレットを、 Wi-Fiに接続する方法を教えてください。",Customer Support
"スマートフォンやタブレットを購入する際に、ポイントポイント(期間・用途限定)ポイントは利用できますか?",Customer Support
"スマートフォンをオンラインショップで購入する場合、価格はいくらですか?",Customer Support
"スマートフォンを購入しました。メールを利用するには、どうしたらいいですか?",Customer Support
"スマートフォンを購入する場合、1か月の料金の目安を教えてください。",Customer Support
"スマートフォンを購入する場合、スマートフォン専用の料金プランはありますか?",Customer Support
"タブレットで、メールアドレスは変更できますか?",Customer Support
"タブレットの購入予約について教えてください。",Customer Support
"タブレットは、SIMロック解除に対応していますか?",Customer Support
"タブレットをオンラインショップで購入する場合、価格はいくらですか?",Customer Support
"タブレットを購入しました。メールを利用するにはどうしたらいいですか?",Customer Support
"タブレットを購入する場合、1か月の料金の目安を教えてください。",Customer Support
"タブレットを購入する場合、おすすめの料金プランを教えてください。",Customer Support
"ビジュアルボイスメール(スマートフォン)について教えてください。",Customer Support
"ビジュアルボイスメール(スマートフォン)の、利用停止再開方法を教えてください。",Customer Support
"対象機種に「全機種」や「スマートフォン」と記載された各種クーポンは、スマートフォンの新規契約機種変更に利用できますか?",Customer Support
"提供しているServiceは、スマートフォンやタブレットで利用できますか?",Customer Support
"携帯電話・PHS番号ポータビリティ(MNP)機種変更新規契約で、スマートフォンを購入する場合の手数料を教えてください。",Customer Support
"海外でスマートフォン、タブレットを利用する際の注意事項はありますか?",Customer Support
"補償Service for スマートフォン & タブレットについて教えてください。",Customer Support
"補償Service for スマートフォン & タブレットの加入廃止利用(補償申込み)は、どこでできますか?",Customer Support
"納品先の住所を間違えたのですが、どうしたらいいでしょう？",Customer Support
"請求書の発行について",Customer Support
"振込先を教えてください。",Customer Support
"支払い方法には、どのようなものがありますか？",Customer Support
"支払い方法や支払い期間を変更するにはどうすればいいですか？",Customer Support
"支払期日はいつですか？",Customer Support
"注文キャンセルについて",Customer Support
"注文の内容について",Customer Support
"請求書やクレジットメモのコピーを取得できますか？",Customer Support
"[請求書に誤記] 機器の請求について教えてください",Customer Support
"Trailheadの使い方",Customer Support
"アカウント情報のの変更について",Customer Support
"アップグレードの希望",Customer Support
"カロリーはどのくらいですか？",Customer Support
"Serviceのアップグレードについて",Customer Support
"パスワードの変更方法",Customer Support
"メアドの変更方法について",Customer Support
"二重請求",Customer Support
"住所変更について",Customer Support
"出荷明細の間違いについて",Customer Support
"出荷明細を送ってください",Customer Support
"商品の発送を早めて頂けませんか",Customer Support
"商品の返品について",Customer Support
"容器のまま温めてもいいですか？",Customer Support
"急ぎの注文について",Customer Support
"最新の請求書の送付について",Customer Support
"最終支払いについて",Customer Support
"最終支払いの確認について",Customer Support
"注文の全量についてのQuestion",Customer Support
"注文内容について",Customer Support
"注文状況の確認方法について",Customer Support
"研修先の勤務地がわからないのですが",Customer Support
"納入書の内容について",Customer Support
"自動振り込みの設定方法について",Customer Support
"自動更新の設定方法について",Customer Support
"Product10350の導入事例について教えてください",Customer Support
"Product1200の制限事項について",Customer Support
"Product1950を多重化することはできますか",Customer Support
"Product4350の請求について教えてください",Customer Support
"Product6450を多重化することはできますか",Customer Support
"Productをどこで購入できますか？",Customer Support
"賞味期限はどこに書かれていますか？",Customer Support
"はじめよう Air割とはどのようなキャンペーンですか？",Customer Support
"光 乗り換えで回線工事費無料とはどのようなキャンペーンですか？",Customer Support
"おうち割 光セット増額キャンペーンとはどのようなキャンペーンですか？（光 ファミリー・ライト）",Customer Support
"あんしん乗り換えキャンペーンとはどのようなキャンペーンですか？",Customer Support
"光 引越しで回線工事費無料とはどのようなキャンペーンですか？",Customer Support
"あんしん乗り換えキャンペーンとは申し込み方法を教えてください。",Customer Support
"あんしん乗り換えキャンペーンとは加入に必要な条件はありますか？",Customer Support
"あんしん乗り換えキャンペーンとは対象Serviceを教えてください。",Customer Support
"光 ファミリー・ライトとはデータ量の目安を教えてください。",Customer Support
"光 乗り換えで回線工事費無料とは特典はいつから適用されますか？",Customer Support
"キャンペーン特典の発送状況はどこで確認できますか。",Customer Support
"光 乗り換え新規限定 2.4万円キャンペーンとはどのようなキャンペーンですか？",Customer Support
"[光 乗り換え新規限定 2.4万円キャンペーン（2017）]どのようなキャンペーンですか？",Customer Support
"春のAir割（580円割引）どのようなキャンペーンですか？",Customer Support
"25歳以下限定 Air 2万円キャンペーンとはどのようなキャンペーンですか？",Customer Support
"光 乗り換えで回線工事費無料とは併用できるキャンペーンは他にありますか？",Customer Support
"光 乗り換え／引越しで回線工事費無料とは特典が解除されるのはどのような場合ですか？",Customer Support
"光 引越しで回線工事費無料とは特典はいつから適用されますか？",Customer Support
"光 引越しで回線工事費無料とは併用できるキャンペーンは他にありますか？",Customer Support
"申し込みから利用開始までの流れを教えてください。",Customer Support
"申し込みから開通までの流れについて教えてください。",Customer Support
"IPv6 IPoE + IPv4 （IPv6高速ハイブリッド）接続方式を利用する場合は別途工事が必要ですか？",Customer Support
"光 with フレッツ／光 フレッツコースの工事についてはどこへ問い合わせれば良いですか？",Customer Support
"ADSLを利用するには工事が必要と聞きましたが、どんな工事があるのですか？",Customer Support
"NTTの電話移設工事予定日とService の工事予定日が別の日ですが大丈夫ですか？",Customer Support
"ADSL 電話加入権不要タイプの宅内の工事とありますが、工事が行えない場合がありますか？",Customer Support
"フレッツ光回線の工事日が決まりました。 での手続きは別途必要ですか？",Customer Support
"光セットアップサポートのどんなサポートがありますか？",Customer Support
"フレッツ光回線の工事が延期になりました。何か手続きが必要ですか？",Customer Support
"フレッツ光回線の開通時期を教えてください。",Customer Support
"光セットアップサポートのService内容を教えてください",Customer Support
"Facebook Message from: 中村健吾",Customer Support
"Facebook Message from: 高田健二",Customer Support
"IR情報の入手方法について",Customer Support
"カスタマーServiceの提供時間",Customer Support
"コールセンターのオープン時間",Customer Support
"Service契約どこまでカバーしていますか",Customer Support
"Service契約はどこまでカバーしていますか？",Customer Support
"パートナーになるにはどうすればよいですか",Customer Support
"パートナーになる方法",Customer Support
"パスワード保管方法について",Customer Support
"ヘッドホンのイヤーパッド",Customer Support
"メルマガの登録の方法",Customer Support
"今月二回目の請求明細が届きました",Customer Support
"個人情報保護について",Customer Support
"商品の返品方法について",Customer Support
"商品の開発要望",Customer Support
"営業時間を教えて下さい",Customer Support
"坂本 直子さんよりFacebookからのメッセージ",Customer Support
"梱包が壊れている",Customer Support
" Serviceパックの、安心安全パックと安心安全パックプラスの違いについて教えてください。",Security
" Serviceパックの安心安全パックの申込み廃止は、どこでできますか?",Security
" サイクル保険について教えてください。",Security
" スマートフォンのウイルスに対する、の対策を教えてください。",Security
" ワンタイム保険について教えてください。",Security
" 安心安全スキャンについて教えてください。",Security
" 安心安全スキャンの、セーフブラウジング(危険サイト対策機能)について教えてください。",Security
" 安心安全スキャンの、セキュリティスキャン(ウイルス検出機能)について教えてください。",Security
" 安心安全スキャンの、手動スキャンの操作方法を教えてください。",Security
" 安心安全スキャンのセキュリティスキャン(ウイルス検出機能)とメールウイルスチェックは、安心安全ネットセキュリティを申込みしなくても利用できますか?",Security
" 安心安全スキャンのセキュリティスキャンセーフブラウジングが、有効になっているか確認できますか?",Security
" 安心安全スキャンのセキュリティスキャンで、ウイルスの脅威や不審なプログラム(PUP)が検出されました。どうしたらいいですか?",Security
"「アクセス制限エラー」や「アクセス制限によりこのページにはアクセスできません。」と表示されて、サイトが利用できないのはどうしてですか?",Security
"Android OS搭載の スマートフォン タブレットを利用しています。サイト閲覧中にウイルス感染した警告画面が表示された場合、どうしたらいいですか?",Security
"アクセス制限Service(データモードフィルタデータモードフィルタなど)の廃止は、どこでできますか?",Security
"アクセス制限Serviceでは、どのようなサイトが制限されますか?",Security
"アクセス制限Serviceについて教えてください。",Security
"アクセス制限ServiceのWeb制限について教えてください。",Security
"アクセス制限Serviceは、契約者が成人(20歳)すると自動的に解除されますか?",Security
"オトシモノかんたんサーチについて教えてください。",Security
"オトシモノかんたんサーチの探される側は、どのような設定が必要ですか?",Security
"オトシモノサーチオトシモノかんたんサーチで、知らないうちに探されることはありますか?",Security
"オトシモノサーチオトシモノかんたんサーチで検索されたくない場合、拒否することはできますか?",Security
"オトシモノサーチオトシモノかんたんサーチの、対応機種を教えてください。",Security
"オトシモノサーチオトシモノかんたんサーチの検索に失敗しました。どうしてですか?",Security
"オトシモノサーチオトシモノかんたんサーチは、探される側の端末が圏外や電源OFFでも検索できますか?",Security
"オトシモノサーチオトシモノかんたんサーチは、検索された履歴を確認できますか?",Security
"オトシモノサーチでキッズケータイ(F-03JHW-02CHW-01DHW-01G)を探す場合、設定は必要ですか?",Security
"オトシモノサーチで探される側の利用条件や、必要な設定を教えてください。",Security
"オトシモノサーチと、オトシモノかんたんサーチの違いを教えてください。",Security
"オトシモノサーチについて教えてください。",Security
"オトシモノサーチの、ちょこっと通知検索について教えてください。",Security
"オトシモノサーチの探される側が機種変更契約変更した場合、必要な設定を教えてください。",Security
"オトシモノサーチの申込み廃止は、どこでできますか?",Security
"オトシモノサーチを申込みしています。携帯電話やパソコンから検索する方法を教えてください。",Security
"オトシモノServiceサイトについて教えてください。",Security
"オトシモノServiceの申込み廃止は、どこでできますか?",Security
"オンライン修理受付Serviceについて教えてください。",Security
"ケータイデータお預かりServiceで、お預かりセンターにバックアップしている電話帳データを、携帯電話に復元する操作方法を教えてください。",Security
"ケータイデータお預かりServiceで、お預かりセンターへバックアップする方法を教えてください。",Security
"ケータイデータお預かりServiceについて教えてください。",Security
"ケータイデータお預かりServiceの、うっかり防止機能について教えてください。",Security
"ケータイデータお預かりServiceのお預かりセンターでバックアップしているデータは、確認できますか?",Security
"スマートフォンや スマートフォンを子どもが利用します。出会い系サイトなどの有害サイトを閲覧できないようできますか?",Security
"つながりほっとサポートについて教えてください。",Security
"データモードデータモードのアクセス制限Serviceの違いを教えてください。",Security
"データモードフィルタカスタマイズの設定方法を教えてください。",Security
"ネットトータルサポートについて教えてください。",Security
"ネットトータルサポートの申込み廃止は、どこでできますか?",Security
"ネットワーク利用制限について教えてください。",Security
"ネットワーク利用制限携帯電話機確認サイトの結果で表示される「△」とは、どういう意味ですか?",Security
"は迷惑メール送信者に対して、どのような法的措置(勧告・警告)を実施していますか?",Security
"メールデータモードメールデータモードメールの、メール機能停止について教えてください。",Security
"メールの「迷惑メール用」フォルダについて教えてください。",Security
"をかたった迷惑メールが届きました。どうしたらいいですか?",Security
"修理代金安心サポートについて教えてください。",Security
"出会い系サイト(アダルトサイト)の料金を架空請求されたが、携帯電話番号から自分の個人情報が知られてしまうことはないですか?",Security
"受信した緊急速報「エリアメール」の、確認削除方法を教えてください。",Security
"安心安全ナンバーチェックと、迷惑電話ストップServiceの違いを教えてください。",Security
"安心安全ナンバーチェックについて教えてください。",Security
"安心安全ナンバーチェックの、着信時の動作設定について教えてください。",Security
"安心安全ナンバーチェックの申込み廃止は、どこでできますか?",Security
"安心安全ネットセキュリティ(セキュリティスキャンセーフブラウジングプライバシーチェック迷惑メールおまかせブロックメールウイルスチェック安心安全ナンバーチェック)の、申込み廃止はどこでできますか?",Security
"安心安全ネットセキュリティについて教えてください。",Security
"安心安全ネットセキュリティを契約中の場合、迷惑メールおまかせブロックを利用する手続きは、どこでできますか?",Security
"安心安全フィルター(Android版)アプリを無効化する場合、どうしたらいいですか?",Security
"安心安全フィルター(Android版)について教えてください。",Security
"安心安全フィルター(Android版)の、「かんたん端末設定」について教えてください。",Security
"安心安全フィルター(Android版)の、パスワードについて教えてください。",Security
"安心安全フィルター(Android版)のパスワードを忘れた場合、どうしたらいいですか?",Security
"安心安全遠隔サポートについて教えてください。",Security
"安心安全遠隔サポートの申込み廃止は、どこでできますか?",Security
"携帯電話から削除してしまったメール画像電話帳のデータを、元に戻すことはできますか?",Security
"携帯電話に電話をしたら、「おかけになった電話番号への通話は、おつなぎできません。」とガイダンスが流れました。どうしてですか?",Security
"楽々スマホ講座について教えてください。",Security
"機種変更契約変更でデータモード⇔データモードに変更する場合、ケータイデータお預かりServiceでお預かりセンターに預けているデータは、引き継がれますか?",Security
"災害用伝言板について教えてください。",Security
"無料故障修理Serviceについて教えてください。",Security
"端末本体とケータイデータお預かりServiceのお預かりセンター両方の、電話帳データを誤って削除してしまいました。復元できますか?",Security
"端末機能の、非通知着信拒否と通知不可能着信拒否の違いを教えてください。",Security
"端末機能の指定電話番号着信拒否を設定しています。設定している電話番号からのショートメッセージService(SMS)も拒否できますか?",Security
"緊急地震速報や津波警報、災害・避難情報などを知らせてくれるServiceはありますか?",Security
"緊急速報「エリアメール」が届かないのは、どうしてですか?",Security
"緊急速報「エリアメール」が配信された地域は、確認できますか?",Security
"緊急速報「エリアメール」について教えてください。",Security
"緊急速報「エリアメール」の着信音が鳴らないように設定できますか?",Security
"緊急速報「エリアメール」を、受信解除する方法を教えてください。",Security
"自分のメールアドレスに、迷惑メールが届くのはどうしてですか?",Security
"自分のメールアドレスや、家族友人のメールアドレスになりすました迷惑メールが届きました。どうしたらいいですか?",Security
"迷惑メールおまかせブロックについて教えてください。",Security
"迷惑メールおまかせブロックの設定は、変更できますか?",Security
"迷惑メールおまかせブロックは、どのような判定で迷惑メールを振り分けますか?",Security
"迷惑メールおまかせブロックを利用しています。「迷惑メール用」フォルダ内のメールは確認できますか?",Security
"迷惑メールの拒否設定は、解除できますか?",Security
"迷惑メール対策には、どのような設定がありますか?",Security
"迷惑メール対策の、「受信するメールの設定」と「拒否するメールの設定」について教えてください。",Security
"迷惑メール対策の、かんたん設定(キッズオススメ受信拒否 強受信拒否 弱)について教えてください。",Security
"迷惑メール対策の、大量送信者からのメール拒否設定について教えてください。",Security
"迷惑メール対策の、特定URL付メール拒否設定について教えてください。",Security
"迷惑メール対策の「指定受信拒否設定」で、受信するメールアドレスを設定したのに受信できない場合、どうしたらいいですか?",Security
"迷惑メール対策の「指定受信拒否設定」における優先順位を教えてください。",Security
"迷惑メール対策の「指定受信拒否設定」について教えてください。",Security
"迷惑メール対策の「指定受信拒否設定」や「かんたん設定」を変更したら、以前から利用していたメールマガジンが届かなくなりました。どうしたらいいですか?",Security
"迷惑電話ストップServiceと指定着信拒否設定の、違いを教えてください。",Security
"迷惑電話ストップServiceについて教えてください。",Security
"迷惑電話ストップServiceの設定(登録)方法を教えてください。",Security
"電池パック安心サポートについて教えてください。",Security
"電池パック安心サポートの対象期間を満たしているか、確認できますか?",Security
"電池パック安心サポートの提供条件を教えてください。",Security
"電池パック安心サポートの申込みは、どこでできますか?",Security
"2016年度(2017年3月期)の配当金額を教えてください。",StockIR
"2017年度(2018年3月期)の業績見通しを教えてください。",StockIR
"2017年度(2018年3月期)の配当(予想)金額を教えてください。",StockIR
"CSRに関する取り組みについて教えてください。",StockIR
"IR関連の最新情報を、受け取ることはできますか?",StockIR
"アニュアルレポートについて教えてください。",StockIR
"コーポレートガバナンスに対する取り組みについて教えてください。",StockIR
"ニューヨーク証券取引所のティッカーシンボルを教えてください。",StockIR
"上場後の株式分割について教えてください。",StockIR
"中期的な経営戦略について教えてください。",StockIR
"会社名の由来・意味を教えてください。",StockIR
"会社設立に至る経緯や沿革について教えてください。",StockIR
"住所、氏名の変更、配当金受取方法の指定などの手続きに必要な用紙はどこにありますか?",StockIR
"利益配分に関する基本方針について教えてください。",StockIR
"契約数実績を教えてください。",StockIR
"携帯電話で、IR情報を確認することはできますか?",StockIR
"東京証券取引所に上場したのはいつですか?",StockIR
"東京証券取引所の証券コードを教えてください。",StockIR
"株主優待制度はありますか?",StockIR
"株主名簿管理人を教えてください。",StockIR
"株主構成を教えてください。",StockIR
"株主様向け報告書の掲載箇所を教えてください。",StockIR
"株式事務手続きについての問い合わせ先を教えてください。",StockIR
"決算発表などの年間スケジュールを教えてください。",StockIR
"決算説明会などの模様をインターネットで見ることはできますか?",StockIR
"決算関連の資料や、財務データの掲載箇所を教えてください。",StockIR
"海外の株式の上場取引所を教えてください。",StockIR
"災害対策への取り組みについて教えてください。",StockIR
"特別口座について教えてください。",StockIR
"目標とする経営指標を教えてください。",StockIR
"経営の基本方針について教えてください。",StockIR
"自己株式の取得状況を教えてください。",StockIR
"配当の基本方針と、上場来の配当額推移を教えてください。",StockIR
"配当金の受け取りを、銀行口座・ゆうちょ銀行貯金口座などへの振込指定にする(または振込先を変更する)手続きについて教えてください。",StockIR
"配当金の受け取り方法を教えてください。",StockIR
"配当金支払いの権利確定日を教えてください。",StockIR
"配当金支払証明書の入手方法を教えてください。",StockIR
"配当金領収証(ゆうちょ銀行)が届かない(または配当金の振込みが確認できない)場合の、問い合わせ先を教えてください。",StockIR
"配当金領収証(ゆうちょ銀行)の支払い期間が過ぎてしまった場合の、配当金受け取り方法を教えてください。",StockIR
"配当金領収証(ゆうちょ銀行)を紛失してしまった場合の、配当金受け取り方法を教えてください。",StockIR
"インターネットに接続するための、認証ID（S-ID）、パスワードはどこで確認できますか？",Technical Support
"ADSLの有線でインターネットに接続するためのパソコンの設定方法を教えてください。",Technical Support
"ADSLの無線LANの設定をしましたが、インターネットに接続できません。どうしたらいいですか？",Technical Support
"モデムなどの機器の配線方法を教えてください。",Technical Support
"SSID、WEPキーとは何ですか？",Technical Support
"ADSLと併用できないServiceはありますか？",Technical Support
"光 with フレッツ／フレッツコースのハイスピードタイプの接続方法を教えてください。",Technical Support
"公衆無線LANでインターネットを利用するためには何が必要ですか？",Technical Support
"雷が鳴っているときに何か気をつけることはありますか？",Technical Support
"ADSLを利用していますが、複数のモジュラージャックを利用するにはどうすればいいですか？",Technical Support
"公衆無線LANで利用する、SSID、暗号化キーを確認する方法を教えてください。",Technical Support
"光 with フレッツ／光 フレッツコースのNTTから配布されているセットアップCDで設定ができません。",Technical Support
"インターネットに接続できるようになりました。その他、利用するのに必要なことを教えてください。",Technical Support
"ADSLの同時に2台以上のパソコンをインターネットに接続することはできますか？",Technical Support
"Windows 7でのメール送受信方法を教えてください。",Technical Support
"認証ID（PPPoEユーザー名）とは何ですか？",Technical Support
"ではIPv6によるインターネット接続Serviceは利用できますか？",Technical Support
"地デジチューナー（R）のの特長を教えてください。",Technical Support
"IPv6高速ハイブリッド（IPv6 IPoE + IPv4）を利用する場合、設定などの変更は必要ですか？",Technical Support
"おまかせセットアップの「いつでも！BB」に対応しているOSは何ですか？",Technical Support
"ADSLのは無線LANには対応していますか？",Technical Support
"メールソフトでメールアドレス（○○○@ybb.ne.jp）のメール送受信を行うための設定を教えてください。",Technical Support
"おでかけアクセスのユーザID、パスワードを確認する方法を教えてください。",Technical Support
"ADSLのルータやハブは使えますか？",Technical Support
"ADSL 通常タイプでは、複数台のパソコンを接続できますか？",Technical Support
"ホームテレフォンを利用していて、インターネット接続ができない場合どうしたらいいですか？",Technical Support
"NAT機能とは何ですか？また、現在使っているモデムにNAT機能が付いているかどうかどうやって確認したらいいですか？",Technical Support
"おまかせセットアップの「いつでも！BB」のアンインストール方法を教えてください。",Technical Support
"複数のメールアドレスを使用していますが、OP25B実施時はすべて設定変更が必要になりますか？",Technical Support
"IPv6 IPoE + IPv4 （IPv6高速ハイブリッド）接続方式を利用していますが、BBフォンの着信ができません。対処方法を教えてください。",Technical Support
"おまかせセットアップのセットアップCDを紛失してしまいました。どうすればいいですか？",Technical Support
"おまかせセットアップの「いつでも！BB」ではどのようなことができますか？",Technical Support
"「Wi-Fiマルチパック」と「無線LANパック」で利用できるパソコン側無線LANアダプタを教えてください。",Technical Support
"メールの利用方法を教えてください。",Technical Support
"のメールは「Outlook Express」以外のメールソフトにも対応していますか？",Technical Support
"ワイヤレスブロードバンドローミングのSSID、WEPキーがわからない。",Technical Support
"ADSLモデムにはLANポートはいくつ付いていますか？",Technical Support
"ダイヤルアップServiceのユーザID（ユーザ名）、パスワードを確認する方法を教えてください。",Technical Support
"「Wi-Fiマルチパック」と「無線LANパック」を使うと何台まで無線LAN接続ができますか？",Technical Support
"地デジの地デジチューナープラス／Wi-Fi地デジパックの接続設定方法を教えてください。",Technical Support
"公衆無線LANを利用したいのですが、ログイン画面が表示されません。",Technical Support
"モデムのNAT機能（ルーター機能）を無効にする方法を教えてください。",Technical Support
"地デジチューナー（R）の対応しているハードディスクを教えてください",Technical Support
"光 with フレッツ／光 フレッツコースのBBフォンは市外局番を省略してダイヤルできますか？",Technical Support
"「Wi-Fiマルチパック」と「無線LANパック」ではどのようなセキュリティ設定ができますか？",Technical Support
"地デジチューナー（R）の地デジチューナーを交換したら番組が視聴できなくなりました。なぜですか？",Technical Support
"Windows Live メールでメールアドレス（○○○@ybb.ne.jp）のメール送受信をする方法を教えてください。",Technical Support
"接続設定を確認する方法がわかりません。(IE7)",Technical Support
"Windows 8でのメール送受信方法を教えてください。",Technical Support
"BBフォンステーションモデムの途中買取料金を教えてください。",Technical Support
"ADSLモデムから無線LANで接続しているパソコンと、有線LANで接続しているパソコンの間では、通信はできますか？",Technical Support
"モデムのセットアップ画面にログインする際のユーザ名・パスワードを教えてください。",Technical Support
"地デジチューナー（R）の録画にはどれぐらいのハードディスク容量が必要ですか？",Technical Support
"デバイスマネージャの確認方法がわかりません。（Windows Vista）",Technical Support
"無線LANのセキュリティ設定をしないとどうなりますか？",Technical Support
"バリューパックのタブレットのWi-Fi設定方法を教えて下さい。",Technical Support
"モデム／光BBユニットに現在設定されているSSID、暗号化キーを確認する方法を教えてください。",Technical Support
"パソコンのIPアドレスを固定にすることはできますか？",Technical Support
"電話回線を使った機器(スカイパーフェクTV!のPPV、オフトーク通信など)を使った機器の接続方法がわかりません。",Technical Support
"ADSLの無線LANパックを利用して、無線LANと有線LAN間でファイルやフォルダの共有はできますか？",Technical Support
"ADSLのグローバルIPアドレスは提供していますか？",Technical Support
"「ポート開放」する方法を教えてください。",Technical Support
"インターネット接続ができません。(ノーリンギングServiceやセキュリティシステムを利用している場合)",Technical Support
"WEBページのボタンをクリックしても反応しない。(Javaスクリプトの設定方法)",Technical Support
"デバイスマネージャの確認方法がわかりません。（Windows XP）",Technical Support
"地デジチューナー（R）の専用アプリのダウンロード方法を教えて下さい。",Technical Support
"地デジチューナー（R）の「チューナーが見つかりません」と出ます。どうしたらいいですか？",Technical Support
"ADSL 通常タイプを利用しても、FAXは併用できますか？",Technical Support
"ひかり電話対応ルータに光BBユニットを接続したいのですが、PPPoEブリッジ（PPPoEパススルー）設定の方法がわかりません。",Technical Support
"メールソフトを利用していますが、同じメールが2通届きます。",Technical Support
"WEBページのボタンをクリックしても反応しない。(Javaスクリプトの設定方法)",Technical Support
"ADSLのNAT機能を有効にしたら通信速度が落ちてしまいました。",Technical Support
"地デジチューナー（R）の対応しているテレビを教えてください。",Technical Support
"地デジチューナー（R）の外ならどこでも使うことはできますか？",Technical Support
"NAT機能の設定方法を教えてください(BBModem 4-G、トリオモデム3-G plus3G26M)",Technical Support
"バリューパックのタブレット／アプリの設定方法を教えてください。",Technical Support
"サブミッションポートの設定方法は？",Technical Support
"セキュリティ設定のリセット方法がわかりません。(IE7)",Technical Support
"バリューパックのタブレットのかんたん設定をスキップしてしまいました。もう一度かんたん設定をすることはできますか？",Technical Support
"複数台の電話機を接続することはできますか？",Technical Support
"地デジチューナー（R）のハードディスクとパソコンを直接Uケーブルで接続して、録画した番組を視聴できますか？",Technical Support
"バリューパックのタブレットでメールを利用するための設定方法を教えてください。",Technical Support
"ADSLの無線LANパックが正式にサポートしている通信規格は何ですか？",Technical Support
"ADSLのNAT機能を利用しなくてはいけないのですか？",Technical Support
"バリューパックのタブレットを使うための基本的な操作方法を教えてください。",Technical Support
"ADSLのNAT機能を利用するとパソコンに割り振られるIPアドレスは変更されますか？",Technical Support
"ネットワークブリッジの削除方法がわかりません。(Windows XP)",Technical Support
"ダイヤルアップServiceは、接続Service毎にユーザID（ユーザ名）を変えることはできますか？",Technical Support
"ADSL Serviceから光 with フレッツ／光 フレッツコースへService変更しましたが、メール設定は再度必要ですか？",Technical Support
"光の機器の接続方法を教えてください。",Technical Support
"バリューパックのオプションServiceのアプリを誤って削除してしまいました。再インストールはできますか？",Technical Support
"おまかせセットアップのどのような設定ができますか？",Technical Support
"ダイヤルアップ接続Serviceはありますか？",Technical Support
"利用しているプロバイダーがサブミッションポート(587番ポート)を用意していない場合はどうすればいいですか(他社プロバイダーのメールサーバー利用のケース)？",Technical Support
"LAN回線を使った機器(地上・BSデジタル放送など)を使った機器の接続方法がわかりません。",Technical Support
"を解約した後、おでかけアクセスのみ継続して利用することはできますか？",Technical Support
"地デジチューナー（R）のスマートフォンを複数台持っていますが、1台の地デジチューナーで両方とも使えますか？",Technical Support
"地デジチューナー（R）のテレビのアンテナ端子をつなぐ空きがありません。どうしたらいいですか？",Technical Support
"おまかせセットアップのCD-ROMをパソコンに入れても自動的に起動しません。どうすればいいですか？",Technical Support
"地デジチューナー（R）のテレビのアンテナがなくても受信できますか？",Technical Support
"モジュラージャックとパソコンの間に距離があるのですが、どうすればいいですか？",Technical Support
"ADSLのスプリッタとはどのような機器ですか？",Technical Support
"おまかせセットアップのどのような機能がありますか？",Technical Support
"無線LANカードのドライバのインストール方法を教えてください。（Windows XPの場合）",Technical Support
"ポート転送設定は必ず設定する必要がありますか？",Technical Support
"おまかせセットアップの対応しているOSやメールソフトを教えてください。",Technical Support
"Internet Explorerの詳細設定をリセットするにはどうしたらいいですか？(IE7)",Technical Support
"「Wi-Fiマルチパック」と「無線LANパック」で無線LAN接続をしているパソコンどうしで、ファイルやフォルダの共有はできますか？",Technical Support
"地デジチューナー（R）の録画した番組はテレビでも視聴できますか？",Technical Support
"モバイル接続Service（おでかけアクセス）の利用料金はいくらですか？",Technical Support
"ポート転送設定をするにはどうすればよいですか？",Technical Support
"モデムのセットアップ画面の「ポート転送設定」の項目に「WAN側ポート番号」「LAN側ポート番号」とありますが、どのように設定すればいいですか？",Technical Support
"ADSLの現在利用しているモデムにNAT機能はついていますか？",Technical Support
"プッシュ回線、ダイヤル回線の設定はどうすればいいですか？",Technical Support
"海外ローミングのiPass Open Mobileの利用方法を教えて下さい。（iOS）",Technical Support
"NAT機能を利用するにあたって何か必要なものはありますか？",Technical Support
"地デジチューナー（R）のハードディスクがいっぱいになりました。どうすれば良いですか？",Technical Support
"無線LANの通信距離はどれくらいですか？",Technical Support
"ダイヤルアップ利用時のパソコンの設定方法が分かりません。",Technical Support
"各ServiceのWindows 8対応状況を教えてください。",Technical Support
"モデムとTAを接続しようとしていて、どちらの電源アダプタがどちらのものか分からなくなってしまいました。",Technical Support
"ADSLの自分が使っているモデムの見分け方を教えてください。",Technical Support
"ネットワークブリッジの削除方法がわかりません。(Windows Vista)",Technical Support
"Xbox Liveは利用できますか？ Xbox Liveを利用するとき、ADSLモデムはどのように接続しますか?",Technical Support
"ダイヤルアップのアクセスポイントの電話番号はどこで調べられますか？",Technical Support
"ダイヤルアップServiceは、申し込み後いつから利用できますか？",Technical Support
"ルータを接続するとインターネットが利用できなくなってしまいます。",Technical Support
"セキュリティ設定のリセット方法がわかりません。(IE6以前)",Technical Support
"地デジチューナー（R）のUハブ（HUB）を使って、ハードディスクを複数台接続できますか？",Technical Support
"地デジチューナー（R）のBSやCSは視聴／録画できますか？",Technical Support
"ダイヤルアップServiceは、AIR-EDGEでの接続に対応していますか？",Technical Support
"地デジチューナー（R）の複数人で同時に利用できますか？",Technical Support
"ADSLのNAT機能を利用するメリットは何ですか？",Technical Support
"光BBユニットから無線LANで接続しているパソコンと、有線LANで接続しているパソコンの間では、通信はできますか？",Technical Support
"独自にメールサーバーを運用していますが、メール送信は可能ですか？",Technical Support
"海外ローミングのアクティベーションした後に違うプロバイダの接続用IDに変更したい。",Technical Support
"自宅で無線LANを使う場合、壁越しに通信できますか？",Technical Support
"公衆無線LANは、アクセスエリアからどのくらいの範囲で利用することが可能ですか?",Technical Support
"海外ローミングの他のプロバイダと使い分けることはできますか？",Technical Support
"地デジチューナー（R）の予約した番組の時間が重なった場合どうなりますか？",Technical Support
"地デジチューナー（R）の申し込み方法を教えて下さい。",Technical Support
"インターネット一時ファイルの削除方法がわかりません。(IE7)",Technical Support
"地デジチューナー（R）のケーブルテレビの視聴はできますか？",Technical Support
"無線LANのモデム詳細設定にてチャンネルが2に設定されていましたが、変更してもProblemありませんか？",Technical Support
"Internet Explorerの詳細設定をリセットするにはどうしたらいいですか？(IE6以前)",Technical Support
"ガスの検針装置や警報転送装置が付いていますが、ADSLは利用できますか？",Technical Support
"地デジチューナー（R）の地デジチューナーを交換後、今まで録画した番組が視聴できますか？",Technical Support
"光の1台の光BBユニットに対して何台のパソコンが無線LAN接続できますか？",Technical Support
"地デジチューナー（R）の自宅内で使用する場合、どれぐらいの距離まで受信できますか？",Technical Support
"ダイヤルアップServiceのユーザID(ユーザ名)を変えることはできますか？",Technical Support
"NAT機能を利用すると別料金が発生しますか?",Technical Support
"PacketWINとは何ですか?",Technical Support
"メールでは、どのぐらいのサイズまでメールで送信できますか？",Technical Support
"iPass Connectなしでも海外ローミングServiceを利用できますか？",Technical Support
"地デジチューナー（R）の録画は連続で最大何時間できますか？",Technical Support
"iPass Connectで海外ローミングを利用できないのですが",Technical Support
"ADSLのNAT機能が搭載される事でBBフォンも設定が必要になりますか?",Technical Support
"おまかせセットアップのセットアップCDを使いたいのですが、パソコンにCD-ROMドライブがありません。どうすればいいですか？",Technical Support
"モバイル接続は、Docomo DoPaに対応していますか？",Technical Support
"キャリアアダプタ（電話会社を自動的に選択するアダプタ）が接続されていますが、Problemはありますか？",Technical Support
"ホームテレフォンやホームセキュリティなどと併用できますか？",Technical Support
"モバイル接続は、FOMAに対応していますか？",Technical Support
"海外ローミングの接続ソフト（iPass Open Mobile）はどこからダウンロードできますか？",Technical Support
"海外ローミングのiPass Open Mobileの利用方法を教えて下さい。（Android）",Technical Support
"インターネット一時ファイルの削除方法がわかりません。(IE6以前)",Technical Support
"新バージョン「iPass Connect Ver.3.62」へのアップグレード方法を教えてください。",Technical Support
"Windows 10でのメール送受信方法を教えてください。",Technical Support
"地デジチューナー（R）のハードディスク容量ごとの録画可能時間を教えてください。",Technical Support
"海外ローミングのiPass Open Mobileの利用方法を教えて下さい。（Windows）",Technical Support
"バリューパックの 東芝タブレット（TOSHIBA A204YB）の初期設定を教えてください。",Technical Support
"地デジチューナー（R）のハードディスクに保存できる番組数に制限はありますか？",Technical Support
"地デジチューナー（R）の放送局の都合で放送時間が変更された場合、予約録画は自動で変更になりますか？",Technical Support
"地デジチューナー（R）の「番組の持ち出し」とは何ですか？",Technical Support
"各ServiceのWindows 10対応状況を教えてください。",Technical Support
"バリューパックの東芝タブレット（TOSHIBA A205）の初期設定を教えてください。",Technical Support
"機器についての詳しい資料はありますか",Technical Support
"機器についての詳しい資料はありますか",Technical Support
"機器のトレーニングは提供されていますか",Technical Support
"機器のパッチ適用が失敗します",Technical Support
"機器のパフォーマンス劣化について",Technical Support
"機器のパフォーマンス劣化について",Technical Support
"機器の価格について教えてください",Technical Support
"機器の設定中にエラーが発生します",Technical Support
"機器の請求について教えてください",Technical Support
"機器を多重化することはできますか",Technical Support
"機能要望について",Technical Support
"機能要望の方法について",Technical Support
"消費税について",Technical Support
"登録の仕方",Technical Support
"給与の支払い日について",Technical Support
"耐用年数について",Technical Support
"Product2250のパッチ適用が失敗します",Technical Support
"Product5550を多重化することはできますか",Technical Support
"SOS Video Chat",Technical Support
"スピーカーが接続されません",Technical Support
"スピーカについて",Technical Support
"ディスプレイの画面が黒くなる",Technical Support
"なぜE-mailの請求書しか受け取れないのでしょうか？",Technical Support
"ノートPCの画面に何も表示されない",Technical Support
"パスワードがロックされてしまいました",Technical Support
"電源ボタンを押した時に動作しない時があります。",Technical Support
"「オンラインサポート」からのメールが届きません。なぜですか。",Technical Support
"SIMロック解除をしても、補償Serviceを利用(補償申込み)できますか?",Technical Support
"お客さま管理者サイトのパスワードを忘れた、またはロックされた場合はどうしたらよいですか。",Customer Support
"トレーニングは提供されていますか",Technical Support
"プロジェクターランプの交換方法を教えてください。",Technical Support
"モバイルアプリはどこからダウンロード出来ますか",Technical Support
"モバイルからコミュニティにアクセスしたいです",Technical Support
"ログインでエラーが発生します",Technical Support
"ログインパスワードがわからない",Technical Support
"安全なパスワードについて",Technical Support
"機器で警告音が出ています",Technical Support
"機器のセットアップがうまくいきません",Technical Support
"機器のパフォーマンス劣化について",Technical Support
"機器のリカバリ手順について教えてください",Technical Support
"機器の発熱について",Technical Support
"機器の設定方法について教えてください",Technical Support
"Product1050のセットアップがうまくいきません",Technical Support
"Product10950の導入事例について教えてください",Technical Support
"Product1200についての詳しい資料はありますか",Technical Support
"Product3450で警告音が出ています",Technical Support
"Product5400のセットアップがうまくいきません",Technical Support
"Product5850の価格について教えてください",Technical Support
"Product750の制限事項について",Technical Support
"Product8700のセットアップがうまくいきません",Technical Support
"Product9000を多重化することはできますか",Technical Support
"Productトラブルの調査はどのように行えば良いでしょうか",Technical Support
" ケータイで「メモリ不足です」と表示されます。どうしたらいいですか?",Technical Support
" ケータイを利用しています。サイトに接続すると「Cookieを有効にしてください」と表示される場合、どうしたらいいですか?",Technical Support
" スマートフォン(Android)で、データモードメールが送信受信できないのは、どうしてですか?",Technical Support
" スマートフォン(Android)でタッチパネルの操作ができない場合、どうしたらいいですか?",Technical Support
" スマートフォン(Android)でデータモードメールの送信はできるのに受信ができない場合、どうしたらいいですか?",Technical Support
" スマートフォン(Android)のメールフォルダから、メールデータモードメールが消えることがあります。どうしてですか?",Technical Support
" スマートフォン(Android)の画面右上に数字や英語の文字が表示されたり、操作した指の跡が残ります。どうしたらいいですか?",Technical Support
" スマートフォン(Android)の電源が切れたり、再起動する原因を教えてください。",Technical Support
" スマートフォンでワンセグの録画ができないのは、どうしてですか?",Technical Support
" スマートフォンをマナーモードに設定しているのに、動画や音楽の音が出ます。これは故障ですか?",Technical Support
"(センター)問い合わせをしても、メールを受信できないのはどうしてですか?",Technical Support
"「センターにメールあり」と表示されて、メールが自動受信できません。どうしたらいいですか?",Technical Support
"1日に大量のメールを送信していたら、突然のメールアドレス(@.ne.jp)だけにメールが送信できなくなりました。どうしてですか?",Technical Support
"ACアダプタは修理できますか?",Technical Support
"Android OS搭載の スマートフォン タブレットの、セキュリティ更新について教えてください。",Technical Support
"SDメモリーカードが入っているのに、「SDメモリーカードが取り外されました」「microSD(miniSD)が挿入されていません」などと表示されます。どうしたらいいですか?",Technical Support
"SDメモリーカードに保存したデータが、 ケータイで表示できません。どうしたらいいですか?",Technical Support
"SDメモリーカードのアイコンに「?」が表示されます。どうしたらいいですか?",Technical Support
"SIMカード(カード)eSIMカードを壊してしまった場合、再発行はできますか?",Technical Support
"SIMカード(カード)のエラーが表示されて携帯電話が使えない場合、どうしたらいいですか?",Technical Support
"SIMカード(カード)を、 スマートフォン ケータイ(データモード)⇔ ケータイで差し替えても、メールが受信できないのはどうしてですか?",Technical Support
"U接続ケーブルで ケータイとパソコンをつないでも、パソコンで端末(SDメモリーカード)を認識できない場合、どうしたらいいですか?",Technical Support
"オンライン修理受付Serviceの申込み画面に、修理したい機種が表示されないのはどうしてですか?",Technical Support
"お預かり修理をする場合、データはどうなりますか?",Technical Support
"カメラを起動しても、画面が真っ暗で何も映らなくなりました。どうしたらいいですか?",Technical Support
"ケース(外装)交換のみの修理はできますか?",Technical Support
"ケータイデータ復旧Serviceについて教えてください。",Technical Support
"ケータイデータ復旧Serviceの対応機種を教えてください。",Technical Support
"ケータイデータ復旧Serviceの申込みは、どこでできますか?",Technical Support
"ケータイデータ復旧Serviceを申込みした場合、データは必ず復旧できますか?",Technical Support
"サイトに接続すると「Refererを無効にしてください」と表示されます。どうしたらいいですか?",Technical Support
"サイト閲覧時に、虫眼鏡や画像のマークが表示されて画像が見られない場合、どうしたらいいですか?",Technical Support
"ショップなどの故障取扱窓口で借りた代替機が故障した場合、どうしたらいいですか?",Technical Support
"スマホ診断アプリについて教えてください。",Technical Support
"ソフトウェア更新について教えてください。",Technical Support
"データコピーアプリ(バックアップアプリSDカードバックアップアプリ)で、メディアファイルがグレーアウトされてバックアップできないのは、どうしてですか?",Technical Support
"で水濡れと判断された携帯電話は、修理できますか?",Technical Support
"パソコンからmicroSDメモリーカードなどに保存した音楽データが、 ケータイで再生できないのはどうしてですか?",Technical Support
"バックライトが暗く、画面が見えにくい場合、どうしたらいいですか?",Technical Support
"ホームページの「メールでのお問い合わせ」から、問い合わせをしました。返信が届かない場合、どうしたらいいですか?",Technical Support
"メールが、送信後すぐに相手に届かないのはどうしてですか?",Technical Support
"メールが受信できるのに送信できない場合、どうしたらいいですか?",Technical Support
"メールが遅れて、すぐに受信できないのはどうしてですか?",Technical Support
"メールで受信した、URLの画像(動画)を閲覧できません。どうしてですか?",Technical Support
"メールで受信した添付ファイルが削除されて画像を閲覧できない場合、どうしたらいいですか?",Technical Support
"メールの送信はできるのに受信ができない場合、どうしたらいいですか?",Technical Support
"ワンセグが視聴できないのは、どうしてですか?",Technical Support
"他社のSIMフリー端末に、SIMカード(カード)を挿入して利用しています。利用中の携帯電話が故障した場合、故障修理はどこでできますか?",Technical Support
"以前使っていた携帯電話や、譲り受けた(もらった)携帯電話は修理できますか?",Technical Support
"保証書がない場合でも、点検や修理はできますか?",Technical Support
"修理前にSDメモリーカードへバックアップした電話帳などのデータを、修理後の携帯電話に復元する方法を教えてください。",Technical Support
"充電中に携帯電話が熱くなり、充電が止まることがあります。これは故障ですか?",Technical Support
"充電口やイヤホンジャックなど、外部接続端子のカバー(キャップ)がとれました。どうしたらいいですか?",Technical Support
"受信拒否設定したメールアドレスからメールが届きます。どうしてですか?",Technical Support
"国際SMSで海外にショートメッセージService(SMS)を送ると、「送信できませんでした」と表示されます。どうしたらいいですか?",Technical Support
"指紋認証ができなくなりました。どうしたらいいですか?",Technical Support
"携帯電話が充電できない場合、どうしたらいいですか?",Technical Support
"携帯電話が故障しているかどうか、確認する方法はありますか?",Technical Support
"携帯電話が水濡れしてしまった場合、どうしたらいいですか?",Technical Support
"携帯電話にSDメモリーカードを取り付けても、ディスプレイにアイコンが表示されず認識されない場合、どうしたらいいですか?",Technical Support
"携帯電話に保存した音楽データが再生できないのは、どうしてですか?",Technical Support
"携帯電話のタッチパネルの反応が遅くなることがあります。どうしてですか?",Technical Support
"携帯電話のボタンが壊れてしまいました。修理できますか?",Technical Support
"携帯電話のリアカバーが壊れてしまいました。どうしたらいいですか?",Technical Support
"携帯電話の保証期間を教えてください。",Technical Support
"携帯電話の修理が完了したら、自宅などに届けてもらうことはできますか?",Technical Support
"携帯電話の充電が終わらないのは、どうしてですか?",Technical Support
"携帯電話の充電口(充電端子)が壊れてしまいました。修理できますか?",Technical Support
"携帯電話の故障修理や点検は、代理人でも手続きできますか?",Technical Support
"携帯電話の時間表示がずれる場合、どうしたらいいですか?",Technical Support
"携帯電話の液晶画面が割れてしまいました。修理は有料ですか?",Technical Support
"携帯電話の画面に「書換え中」と表示され、操作ができなくなりました。これは故障ですか?",Technical Support
"携帯電話の電源が入らない場合、どうしたらいいですか?",Technical Support
"携帯電話を修理するために預けた場合、修理が終わるまで代わりの携帯電話(代替機)を借りることはできますか?",Technical Support
"携帯電話を修理する場合、外装の色を変更することはできますか?",Technical Support
"携帯電話を修理する場合、料金はかかりますか?",Technical Support
"携帯電話を充電中に利用していると熱くなります。故障ですか?",Technical Support
"携帯電話本体が製造終了となっている場合、電池パックなどの付属品(オプション品)は、いつまで購入できますか?",Technical Support
"Technical受付窓口を教えてください。",Technical Support
"暑い場所や寒い場所で充電をしていると、充電が途中で止まることがあります。どうしてですか?",Technical Support
"水に濡らしていないのに、水濡れによる故障と言われました。どうしてですか?",Technical Support
"水濡れシールについて教えてください。",Technical Support
"海外から発信すると、いつもつながらない相手がいます。どうしてですか?",Technical Support
"海外で、日本からのショートメッセージService(SMS)が受信できないのはどうしてですか?",Technical Support
"海外で利用中、突然発信や着信ができなくなりました。どうしてですか?",Technical Support
"海外で利用中の携帯電話が故障しました。どうしたらいいですか?",Technical Support
"特定の人に発信すると、必ず話中音が流れます。どうしたらいいですか?",Technical Support
"画面に「セーフモード」と表示され、ダウンロードしたアプリが消えてしまいました。 元に戻すにはどうしたらいいですか?",Technical Support
"突然、液晶画面が白っぽくなりました。どうしたらいいですか?",Technical Support
"自分の携帯電話が話し中になっていて、音声着信を受けられません。どのようなことが考えられますか?",Technical Support
"自分の端末でソフトウェア更新が必要かどうか、確認する方法はありますか?",Technical Support
"製造終了となった携帯電話は、修理できますか?",Technical Support
"購入したばかりなのに、電池の減りが早いのはどうしてですか?",Technical Support
"送信受信メールフォルダから、メールが削除されることがあります。どうしてですか?",Technical Support
"通話中、声にエコーがかかります。どうしてですか?",Technical Support
"通話中、雑音が入ります。どうしてですか?",Technical Support
"通話中に相手の声が聞こえない、または自分の声が届かないのはどうしてですか?",Technical Support
"通話中に音が途切れたり、突然切れたりします。どうしてですか?",Technical Support
"防水ケータイでも水濡れで故障することがありますか?",Technical Support
"電池パックが劣化した場合、どうしたらいいですか?",Technical Support
"電池パックが膨らんでしまった場合、どうしたらいいですか?",Technical Support
"電池パックの劣化や寿命は測定できますか?",Technical Support
"電波状態が良好なのに、発信着信ができません。どうしてですか?",Technical Support
"電源が入らない携帯電話から、電話帳などのデータを読み出すことはできますか?",Technical Support
"電源が切れたり画面が固まる(フリーズ)など、携帯電話の動作が不安定な場合、どうしたらいいですか?",Technical Support
"預かり修理について教えてください。",Technical Support
" スマートフォン(Android)からスマートフォンに機種変更した場合、現在利用しているServiceはどうなりますか?",Technical Support
"【スマートフォン Plus】 VoLTEに対応していますか?",Technical Support
"【スマートフォン】 VoLTEに対応していますか?",Technical Support
"【スマートフォン】 VoLTEに対応していますか?",Technical Support
"【タブレット Pro】 テザリング(モデム接続)に対応していますか?",Technical Support
"510FUのトラブルシュートや調査に必要な情報",Technical Support
"LPガスの点検について",Technical Support
"SOS Video Chat",Technical Support
"アップグレード方法について",Technical Support
"アプリの動作環境について",Technical Support
"インストールガイドが入っていない",Technical Support
"インストール方法が分かりません",Technical Support
"インストール方法について",Technical Support
"セットアップ時のトラブル",Technical Support
"ハードディスクから異音",Technical Support
"プロジェクターのランプの交換方法について",Technical Support
"モバイルアプリのダウンロード方法",Technical Support
"モバイルデバイスからのコミュニティへのアクセス方法",Technical Support
"交換時のトラブル",Technical Support
"交換部品を販売していますか？",Technical Support
"太陽光パネルの発電効率について",Technical Support
"太陽光発電について",Technical Support
"太陽電池について",Technical Support
"現在実施中のキャンペーンについて教えてください。",Technical Support
"発電機からの異音",Technical Support
"秘密のパスワードの生成方法について",Technical Support
"管理モニターの使用方法",Technical Support
"納品日の確認",Technical Support
"納品物の確認",Technical Support
"組立説明書について",Technical Support
"自動販売機のProductディスプレーの下にあるQRコードはなんですか？",Technical Support
"自動販売機を設置したいのですが、どうすればいいですか？",Technical Support
"Productガイドの欠品について",Technical Support
"Productの不具合について",Technical Support
"Product不具合の診断方法",Technical Support
"Product保証ポリシーについて",Technical Support
"Product説明書の紛失・交換依頼",Technical Support
"追加のProduct情報について",Technical Support
"電源が熱くなり過ぎる",Technical Support
"Bluetoothスピーカーについて",Technical Support
"キャンセル時の取り消しについて",Technical Support
"クーポンについて",Technical Support
"クレジットカードで決済できなかった場合には、どうすればよいですか？",Technical Support
"クレジットカード情報はオンラインで変更できますか？",Technical Support
"マイクが使えなくなりました",Technical Support
"充電速度の低下について",Technical Support
"4Gについて教えてください。",Technical Support
"5G(次世代移動通信システム)について教えてください。",Technical Support
"GPS機能位置情報Serviceの設定方法を教えてください。",Technical Support
"エリアおためしServiceについて教えてください。",Technical Support
"エリアおためしServiceの申込みは、どこでできますか?",Technical Support
"オートGPSが利用できないのは、どうしてですか?",Technical Support
"オートGPSについて教えてください。",Technical Support
"オートGPSを利用する場合、料金はかかりますか?",Technical Support
"クアッドバンドLTEについて教えてください。",Technical Support
"フェムトセルについて教えてください。",Technical Support
"を契約する前に、自宅や自宅周辺の電波状況を確認できますか?",Technical Support
"各携帯電話会社で、電波に違いはありますか?",Technical Support
"圏外が表示され、発信着信できない場合、どうしたらいいですか?",Technical Support
"圏外のマークは、どのような場合に表示されますか?",Technical Support
"室内用補助アンテナを利用すれば、電波は強くなりますか?",Technical Support
"携帯電話のマナーについて教えてください。",Technical Support
"携帯電話の電波は、人体に影響がありますか?",Technical Support
"災害時にの携帯電話がつながりにくいつながらない理由を教えてください。",Technical Support
"特定の環境で電波が悪くなるのは、どうしてですか?",Technical Support
"自宅で携帯電話がつながりにくい場合、電波状況を調べてもらえますか?",Technical Support
"輻輳(ふくそう)について教えてください。",Technical Support
"通信速度を教えてください。",Technical Support
"電波の受信感度は、機種により異なりますか?",Technical Support
"電波の状態が悪く、つながらないことがあるのはどうしてですか?",Technical Support
"電波状況を改善してほしい場合、どうしたらいいですか?",Technical Support
"ネットワークの瞬断が発生",Technical Support
"機器が突然停止しました",Technical Support
"機器でエラーが発生します",Technical Support
"光ユニットが届きました。フレッツ光回線の工事完了前ですが、接続していいのでしょうか。",Technical Support
"Service変更や解約をした場合に、返却が必要な機器を教えてください。",Technical Support
"光 with フレッツ／フレッツコースのインターネットに有線接続するためのパソコン設定方法を教えてください。",Technical Support
"ADSLインターネットにつながらない場合、何を確認すればいいですか？",Technical Support
"ADSL通信速度が遅い場合の改善方法を教えてください。",Technical Support
"モデム返却の督促状が届きました。モデムの返却状況を確認する方法はありますか？",Technical Support
"1から始まる3桁の番号（117など）やフリーダイヤルが利用できません。",Technical Support
"BBフォンが使えません。どうしたら良いですか？",Technical Support
" インターネットにつながらない場合、何を確認すればいいですか。",Technical Support
"支払いができなかったため、インターネットServiceが停止されました。Service再開するにはどのような手続きが必要ですか？",Technical Support
"ADSL電話にノイズが入る場合どうしたらいいですか？",Technical Support
"ADSL電話がかかってくるとインターネット接続が切断されてしまいます。",Technical Support
"雷が鳴った後、インターネットが使えなくなってしまいました。",Technical Support
"光BBユニットを配線しましたがBBフォンが使えません。（BBフォンランプが点灯しない）",Technical Support
"無線LANの設定をしましたが、インターネットに接続できません。どうしたらいいですか？",Technical Support
"BBフォンにしてから、ナンバーディスプレイに電話番号が表示されなくなりました。",Technical Support
"BBフォンが使用できているか確認する方法はありますか？",Technical Support
"WEBでの手続き中に「操作が受け付けられませんでした」というエラー画面が表示されます。対処方法を教えてください。",Technical Support
"複数台のパソコンで同時にインターネット接続することはできますか？",Technical Support
"無線LANの設定をしましたが、インターネットにつながりません。",Technical Support
"無線LANを設定しても、インターネットにつながりません。",Technical Support
"「メール サーバーにログオンできませんでした。 パスワードが拒否されました。」というエラーメッセージが表示されます。",Technical Support
"タスクトレイの「ワイヤレスネットワーク接続」に×印がついていて、無線LANが利用できません。",Technical Support
"メールソフトでメールアドレス（○○○@ybb.ne.jp）のメール送受信を行うための設定を教えてください。",Technical Support
"OP25Bの影響でメールを送信できなくなった場合どうしたらいいですか？",Technical Support
"IPv6 IPoE + IPv4 （IPv6高速ハイブリッド）接続方式を利用していますが、BBフォンの着信ができません。対処方法を教えてください。",Technical Support
"0120で始まる番号にかけられない場合はどうしたらいいですか？",Technical Support
"「送信者の電子メール アドレスが拒否されたため、メッセージを送信できませんでした。」というエラーメッセージが表示されます。",Technical Support
"050から始まる番号を相手側に通知したくない場合はどうしたらいいですか？",Technical Support
"公衆無線LANを利用したいのですが、ログイン画面が表示されません。",Technical Support
"インターネットに接続するときに、ダイヤルアップ接続の画面が表示されます。対応方法を教えてください。",Technical Support
"光 with フレッツ／光 フレッツコースのBBフォンは市外局番を省略してダイヤルできますか？",Technical Support
"ひかり電話機能を利用してひかり電話で発信することができません。改善方法を教えてください。",Technical Support
"デバイスマネージャの確認方法がわかりません。（Windows Vista）",Technical Support
"モデム／光BBユニットに現在設定されているSSID、暗号化キーを確認する方法を教えてください。",Technical Support
"BBフォン以外の電話を利用している際に、通話が切れてしまうことがあります。",Technical Support
"［Service ］NTT電話は使えるようになったが、インターネットが使えない。",Technical Support
"FAXが利用できない場合どうしたらいいですか？",Technical Support
"インターネット接続ができません。(ノーリンギングServiceやセキュリティシステムを利用している場合)",Technical Support
"デバイスマネージャの確認方法がわかりません。（Windows XP）",Technical Support
"他社IP電話に電話をかけると、発信先により表示される番号が違いますがどうしてですか？",Technical Support
"メールソフトを利用していますが、同じメールが2通届きます。",Technical Support
"BBフォンで他社携帯電話割引Serviceは利用できますか？",Technical Support
"ADSLモデムが熱くなっていますが、大丈夫ですか？",Technical Support
"BBフォンで電話をかけているとき、外から電話がかかってきたらどうなりますか？　BBフォンで電話をかけているときに、時々「プープー」という音が鳴るのですが、これは何ですか？",Technical Support
"番号通知リクエストに申し込みをしたが利用できません。どうしたらいいですか？",Technical Support
"ネットワークブリッジの削除方法がわかりません。(Windows XP)",Technical Support
"電話中しかインターネットができません。",Technical Support
"［地デジ］チューナーは他の機器により使用中ですというメッセージが表示されます。対処方法を教えてください。",Technical Support
"地デジViewerの動きが不安定になります。",Technical Support
"一部のコレガ社製ルータでを利用できないと聞いたのですが。",Technical Support
"［おまかせセットアップ］CD-ROMをパソコンに入れても自動的に起動しません。どうすればいいですか？",Technical Support
"［地デジ］地デジViewerを起動したままパソコンがスリープ、休止状態になるとフリーズします。対処方法を教えてください。",Technical Support
"無線LANカードのドライバのインストール方法を教えてください。（Windows XPの場合）",Technical Support
"一部のアイ・オー・データ社製無線ルータでを利用できないと聞いたのですが。",Technical Support
"［地デジ］拡張ディスプレイで視聴ができません。",Technical Support
"ダイヤルアップ利用時のパソコンの設定方法が分かりません。",Technical Support
"着信転送に申し込みをしたが利用できません。どうしたらいいですか？",Technical Support
"ネットワークブリッジの削除方法がわかりません。(Windows Vista)",Technical Support
"着信お断りServiceに申し込みをしたが利用できません。",Technical Support
"パソコンの電源が勝手に入るようになってしまいました。",Technical Support
"BBフォンから他社IP電話に電話をかけると、番号が表示されないのはどうしてですか？",Technical Support
"タブレットでインターネットにつながりません。解決する方法はありますか？",Technical Support
"［地デジ］地デジViewer視聴画面で「常に手前に表示」を設定しても設定が反映されません。対処方法を教えてください。",Technical Support